3.069,0.498,2.765,0.498,3.074,0.675,1.303,0.498,1.101,0.876,1.257,0.498,0.982,0.498,0.806,0.498,1.109,0.498,0.403,0.498,0.747,0.498,0.519,0.498,0.009,3.955,0.392,0.498,0.483,0.498
3.119,0.675,2.815,0.675,3.124,0.675,1.354,0.675,1.151,1.222,1.307,0.675,1.032,0.675,0.856,0.675,1.159,0.675,0.453,1.222,0.798,0.675,0.569,0.675,0.109,5.049,0.442,0.675,0.533,1.768
3.17,0.675,2.866,1.222,3.174,1.222,1.403,1.222,1.202,1.768,1.357,1.222,1.082,2.315,0.906,1.768,1.209,1.222,0.503,2.862,0.847,2.315,0.619,2.315,0.159,5.049,0.492,2.862,0.583,4.502
3.22,1.222,2.915,1.222,3.224,1.222,1.453,1.768,1.251,2.315,1.407,2.315,1.132,3.409,0.956,3.409,1.259,2.862,0.553,5.595,0.897,4.502,0.669,5.049,0.209,5.595,0.542,6.142,0.633,8.876
3.269,1.768,2.965,1.768,3.274,1.768,1.503,2.862,1.301,3.409,1.457,2.862,1.182,4.502,1.006,4.502,1.309,3.955,0.603,7.782,0.947,7.236,0.719,7.782,0.259,7.782,0.592,9.969,0.683,12.703
3.319,1.768,3.015,1.768,3.324,2.315,1.553,3.409,1.351,3.955,1.507,3.409,1.232,6.142,1.056,5.595,1.359,5.595,0.653,10.516,0.997,9.969,0.769,10.516,0.309,0.675,0.642,14.343,0.733,16.53
3.369,2.315,3.066,2.315,3.374,2.315,1.603,4.502,1.401,4.502,1.557,4.502,1.282,7.236,1.106,7.236,1.409,6.689,0.703,12.703,1.047,12.156,0.819,12.703,0.362,0.675,0.692,17.624,0.783,20.358
3.419,2.862,3.115,2.862,3.424,2.862,1.653,5.049,1.451,5.595,1.607,5.049,1.332,8.329,1.156,8.329,1.459,8.329,0.753,15.437,1.097,14.89,0.869,15.437,0.409,0.675,0.743,21.451,0.833,23.638
3.469,2.862,3.165,2.862,3.474,3.409,1.703,5.595,1.502,6.142,1.657,6.142,1.382,9.423,1.206,9.969,1.509,9.423,0.804,18.171,1.147,17.077,0.919,18.171,0.459,0.675,0.792,25.278,0.883,27.465
3.519,3.409,3.215,3.409,3.524,3.409,1.753,6.689,1.551,7.236,1.707,6.689,1.432,10.516,1.256,11.063,1.559,10.516,0.853,20.358,1.197,19.264,0.969,20.358,0.509,23.638,0.842,28.559,0.933,30.746
3.569,3.409,3.265,3.955,3.574,3.955,1.803,7.236,1.601,7.782,1.757,7.236,1.482,12.156,1.306,12.156,1.609,12.156,0.903,22.545,1.247,21.451,1.019,22.545,0.559,26.918,0.892,31.839,0.983,33.479
3.619,3.955,3.315,3.955,3.624,3.955,1.853,8.329,1.651,8.876,1.807,8.329,1.532,13.25,1.356,13.797,1.66,13.25,0.953,24.732,1.297,24.185,1.069,24.732,0.609,30.199,0.942,35.12,1.033,36.76
3.669,4.502,3.365,4.502,3.674,4.502,1.904,8.876,1.701,9.423,1.857,8.876,1.582,14.343,1.406,14.89,1.709,14.343,1.003,26.918,1.347,25.825,1.119,26.918,0.659,32.933,0.992,38.4,1.083,39.494
3.719,4.502,3.415,4.502,3.724,5.049,1.953,9.969,1.751,9.969,1.907,9.423,1.632,15.984,1.456,15.984,1.759,15.437,1.053,29.105,1.397,28.012,1.17,28.559,0.709,36.213,1.042,40.587,1.133,42.227
3.769,5.049,3.465,5.049,3.774,5.049,2.003,10.516,1.802,11.063,1.957,10.516,1.682,17.077,1.506,17.077,1.809,17.077,1.103,30.746,1.447,30.199,1.219,30.746,0.76,38.947,1.093,43.868,1.183,44.961
3.819,5.595,3.515,5.595,3.824,5.595,2.054,11.063,1.851,11.61,2.007,11.063,1.732,18.171,1.556,18.171,1.859,18.171,1.153,32.933,1.497,31.839,1.269,32.386,0.81,41.681,1.142,46.055,1.233,47.695
3.869,5.595,3.565,5.595,3.874,6.142,2.103,12.156,1.901,12.156,2.057,11.61,1.782,19.264,1.606,19.264,1.909,19.264,1.203,34.573,1.547,33.479,1.319,34.573,0.859,43.868,1.192,48.788,1.283,49.882
3.919,6.142,3.615,6.142,3.924,6.142,2.153,12.703,1.951,13.25,2.107,12.703,1.832,20.358,1.656,20.904,1.959,20.358,1.253,36.213,1.597,35.666,1.369,36.213,0.909,46.601,1.242,50.975,1.333,52.615
3.969,6.142,3.665,6.689,3.974,6.689,2.203,13.797,2.001,13.797,2.157,13.25,1.882,21.451,1.706,21.998,2.009,21.451,1.303,37.853,1.647,37.307,1.42,37.853,0.959,49.335,1.292,53.709,1.383,54.802
4.019,6.689,3.716,7.236,4.024,7.236,2.253,14.343,2.052,14.343,2.207,13.797,1.932,22.545,1.756,22.545,2.059,22.545,1.353,39.494,1.697,38.947,1.469,39.494,1.009,51.522,1.342,55.896,1.433,56.989
4.069,7.236,3.765,7.236,4.074,7.236,2.303,14.89,2.101,15.437,2.257,14.89,1.982,23.638,1.806,23.638,2.109,23.638,1.403,41.134,1.747,40.587,1.519,41.134,1.059,54.256,1.392,58.63,1.484,59.723
4.119,7.236,3.815,7.782,4.124,7.782,2.353,15.437,2.151,15.984,2.307,15.437,2.034,24.732,1.856,24.732,2.159,24.185,1.453,42.774,1.797,42.227,1.569,42.774,1.109,56.443,1.442,60.817,1.533,61.91
4.169,7.782,3.865,7.782,4.174,8.329,2.403,16.53,2.202,16.53,2.357,15.984,2.082,25.825,1.906,25.825,2.209,25.278,1.503,44.414,1.847,43.321,1.619,44.414,1.159,58.63,1.492,63.004,1.583,64.097
4.219,8.329,3.915,8.329,4.224,8.329,2.453,17.077,2.251,17.624,2.407,16.53,2.132,26.372,1.956,26.372,2.259,26.372,1.553,46.055,1.897,44.961,1.669,46.055,1.209,60.817,1.543,65.191,1.633,66.284
4.269,8.329,3.965,8.876,4.274,8.876,2.503,17.624,2.301,18.171,2.457,17.624,2.182,27.465,2.006,27.465,2.309,27.465,1.603,47.148,1.947,46.601,1.719,47.148,1.259,63.55,1.592,67.378,1.683,68.471
4.319,8.876,4.015,8.876,4.324,9.423,2.553,18.171,2.351,18.717,2.507,18.171,2.232,28.559,2.056,28.559,2.359,28.012,1.653,48.788,1.997,47.695,1.769,48.788,1.309,65.737,1.642,69.564,1.833,75.579
4.369,8.876,4.065,9.423,4.374,9.423,2.603,19.264,2.402,19.264,2.557,18.717,2.282,29.105,2.106,29.105,2.409,29.105,1.703,50.428,2.047,49.335,1.819,50.428,1.359,67.924,1.692,71.751,1.883,77.766
4.419,9.423,4.115,9.969,4.424,9.969,2.653,19.811,2.451,19.811,2.607,19.264,2.332,30.199,2.156,30.199,2.459,30.199,1.753,51.522,2.097,50.428,1.869,51.522,1.409,70.111,1.742,73.938,1.933,79.953
4.469,9.969,4.165,9.969,4.474,9.969,2.703,20.358,2.501,20.358,2.657,20.358,2.382,30.746,2.206,30.746,2.509,30.746,1.803,52.615,2.147,52.069,1.919,53.162,1.459,72.298,1.792,76.125,1.983,82.14
4.519,9.969,4.215,10.516,4.524,10.516,2.753,20.904,2.551,21.451,2.707,20.904,2.432,31.839,2.256,31.839,2.559,31.839,1.853,54.256,2.197,53.709,1.969,54.256,1.509,75.032,1.842,78.312,2.033,84.327
4.569,10.516,4.265,10.516,4.574,11.063,2.803,21.451,2.601,21.998,2.757,21.451,2.482,32.933,2.306,32.933,2.609,32.933,1.903,55.349,2.247,54.802,2.019,55.896,1.559,77.219,1.892,81.046,2.083,86.514
4.619,10.516,4.315,11.063,4.624,11.61,2.853,22.545,2.651,22.545,2.807,21.998,2.532,33.479,2.356,33.479,2.659,33.479,1.954,56.989,2.297,56.443,2.069,57.536,1.609,79.406,1.942,83.233,2.133,88.701
4.67,11.063,4.365,11.063,4.674,11.61,2.903,23.091,2.701,23.091,2.857,22.545,2.582,34.573,2.406,34.026,2.709,34.026,2.003,58.083,2.347,57.536,2.119,58.63,1.659,81.593,1.992,85.42,2.183,90.887
4.72,11.61,4.415,11.61,4.724,12.156,2.953,23.638,2.751,23.638,2.907,23.091,2.633,35.12,2.456,35.12,2.759,35.12,2.053,59.723,2.397,59.176,2.169,60.27,1.709,83.78,2.043,87.607,2.233,93.074
4.769,11.61,4.466,12.156,4.774,12.156,3.003,24.185,2.801,24.185,2.957,23.638,2.682,36.213,2.506,35.666,2.809,35.666,2.104,60.817,2.447,60.27,2.219,61.363,1.759,85.967,2.092,89.794,2.283,95.261
4.819,12.156,4.515,12.156,4.824,12.703,3.053,24.732,2.851,24.732,3.007,24.185,2.732,36.76,2.556,36.76,2.859,36.76,2.153,62.457,2.497,61.363,2.269,62.457,1.809,88.154,2.142,91.981,2.333,96.902
4.869,12.156,4.565,12.256,4.875,13.25,3.103,25.278,2.901,25.278,3.057,24.732,2.782,37.307,2.606,37.307,2.91,37.307,2.203,63.55,2.547,62.457,2.319,63.55,1.859,90.341,2.192,93.621,2.383,99.635
4.919,12.703,4.615,12.786,4.924,13.25,3.153,25.825,2.951,25.825,3.107,25.278,2.832,38.4,2.656,37.853,2.959,37.853,2.253,65.191,2.597,64.097,2.369,65.191,1.909,92.528,2.242,96.355,2.433,101.822
4.969,13.25,4.665,13.56,4.974,13.797,3.203,26.372,3.001,26.372,3.157,25.825,2.882,38.947,2.706,38.4,3.009,38.947,2.303,66.284,2.647,65.191,2.419,66.284,1.959,94.715,2.292,98.542,2.483,104.009
5.019,13.25,4.715,13.797,5.024,13.797,3.253,26.918,3.051,26.918,3.207,26.372,2.932,39.494,2.756,39.494,3.059,39.494,2.353,67.378,2.697,66.831,2.469,67.924,2.009,96.902,2.342,100.182,2.533,106.196
5.069,13.797,4.765,14.001,5.074,14.343,3.303,27.465,3.101,27.465,3.257,26.918,2.982,40.04,2.806,40.04,3.109,40.04,2.403,69.018,2.747,67.924,2.519,69.018,2.059,99.089,2.392,102.369,2.583,108.383
5.119,13.797,4.815,14.343,5.124,14.343,3.353,28.012,3.151,28.012,3.307,27.465,3.032,41.134,2.856,40.587,3.159,41.134,2.453,70.111,2.797,69.018,2.569,70.658,2.109,101.276,2.442,104.556,2.633,110.57
5.169,14.343,4.866,14.89,5.174,14.89,3.403,28.559,3.202,28.559,3.357,28.012,3.082,41.681,2.906,41.134,3.209,41.681,2.503,71.751,2.847,70.658,2.619,71.751,2.16,103.463,2.492,106.743,2.683,112.757
5.219,14.343,4.915,14.89,5.224,14.89,3.453,29.105,3.251,29.105,3.407,28.559,3.132,42.227,2.957,42.227,3.259,42.227,2.553,72.845,2.897,71.751,2.669,73.392,2.209,105.65,2.542,108.93,2.733,114.944
5.269,14.89,4.965,15.437,5.274,15.437,3.503,29.652,3.301,29.652,3.457,29.105,3.182,43.321,3.006,42.774,3.309,42.774,2.603,73.938,2.948,73.392,2.719,74.485,2.259,107.837,2.592,111.117,2.783,116.584
5.319,15.437,5.015,15.764,5.324,15.437,3.553,30.199,3.351,29.652,3.507,29.652,3.232,43.868,3.056,43.321,3.359,43.868,2.653,75.579,2.997,74.485,2.769,76.125,2.309,110.024,2.642,113.304,2.833,118.771
5.369,15.437,5.065,15.984,5.374,15.984,3.603,30.746,3.401,30.199,3.557,30.199,3.282,44.414,3.106,43.868,3.409,44.414,2.703,76.672,3.047,75.579,2.819,77.219,2.359,112.21,2.695,115.491,2.883,120.958
5.419,15.984,5.115,16.357,5.424,16.53,3.653,30.746,3.452,30.746,3.607,30.199,3.332,44.961,3.156,44.961,3.459,44.961,2.753,78.312,3.097,77.219,2.869,78.312,2.409,114.397,2.742,117.131,2.933,123.145
5.469,15.984,5.165,16.53,5.474,16.53,3.703,31.292,3.501,31.292,3.657,30.746,3.382,45.508,3.206,45.508,3.509,45.508,2.803,79.406,3.147,78.312,2.92,79.953,2.459,116.584,2.792,119.318,2.983,125.332
5.519,16.53,5.215,17.077,5.524,17.077,3.753,31.839,3.551,31.839,3.707,31.292,3.432,46.055,3.256,46.055,3.559,46.055,2.854,80.499,3.197,79.406,2.969,81.046,2.509,118.771,2.842,121.505,3.033,127.519
5.569,16.53,5.265,17.077,5.574,17.077,3.803,32.386,3.601,32.386,3.757,31.839,3.482,47.148,3.306,46.601,3.609,47.148,2.903,82.14,3.247,81.046,3.019,82.686,2.559,120.958,2.893,123.692,3.083,129.706
5.619,17.077,5.315,17.624,5.624,17.624,3.853,32.933,3.651,32.386,3.807,32.386,3.532,47.695,3.356,47.695,3.659,47.695,2.953,83.233,3.297,82.14,3.069,83.78,2.609,123.145,2.942,125.879,3.133,131.893
5.669,17.077,5.366,17.624,5.674,17.624,3.903,33.479,3.701,32.933,3.857,32.933,3.582,48.241,3.406,48.241,3.709,48.241,3.003,84.327,3.347,83.233,3.119,84.873,2.659,125.332,2.992,128.066,3.183,134.08
5.719,17.624,5.415,17.98,5.724,18.171,3.953,33.479,3.751,33.479,3.907,33.479,3.632,48.788,3.456,48.788,3.759,48.788,3.054,85.967,3.397,84.873,3.169,86.514,2.709,127.519,3.042,130.253,3.233,136.267
5.769,17.624,5.465,18.171,5.774,18.171,4.003,34.026,3.801,34.026,3.958,33.479,3.682,49.335,3.506,49.335,3.809,49.335,3.103,87.06,3.447,85.967,3.219,87.607,2.759,129.706,3.092,132.44,3.284,138.454
5.819,18.171,5.515,18.717,5.824,18.717,4.053,34.573,3.851,34.573,4.007,34.026,3.732,49.882,3.556,49.882,3.86,49.882,3.153,88.154,3.497,87.06,3.269,89.247,2.809,131.893,3.142,134.627,3.333,140.641
5.869,18.171,5.565,18.994,5.875,18.717,4.103,35.12,3.901,35.12,4.057,34.573,3.782,50.428,3.606,50.975,3.909,50.975,3.203,89.794,3.547,88.701,3.319,90.341,2.859,134.08,3.192,136.814,3.383,142.828
5.919,18.717,5.615,19.264,5.924,19.264,4.153,35.666,3.951,35.666,4.107,35.12,3.832,50.975,3.656,51.522,3.959,51.522,3.253,90.887,3.597,89.794,3.369,91.434,2.909,136.267,3.242,139.001,3.433,145.015
5.969,18.717,5.665,19.354,5.974,19.264,4.203,35.666,4.001,35.666,4.157,35.666,3.882,52.069,3.706,52.069,4.009,52.069,3.303,92.528,3.647,91.434,3.419,93.074,2.959,138.454,3.292,141.188,3.483,147.202
6.019,19.264,5.715,19.456,6.024,19.811,4.253,36.213,4.051,36.213,4.207,35.666,3.932,52.615,3.756,52.615,4.059,52.615,3.353,93.621,3.697,92.528,3.469,94.168,3.009,140.641,3.342,143.375,3.533,149.389
6.069,19.264,5.765,19.556,6.074,19.811,4.303,36.76,4.101,36.76,4.257,36.213,3.983,53.162,3.806,53.162,4.109,53.162,3.403,94.715,3.747,93.621,3.519,95.808,3.059,142.828,3.392,145.562,3.583,151.576
6.119,19.811,5.815,19.78,6.124,20.358,4.353,37.307,4.151,36.76,4.307,36.76,4.032,53.709,3.856,53.709,4.159,53.709,3.453,96.355,3.797,95.261,3.569,96.902,3.109,145.015,3.442,147.749,3.633,153.763
6.169,19.811,5.865,19.99,6.174,20.358,4.403,37.853,4.201,37.307,4.357,37.307,4.082,54.256,3.906,54.256,4.209,54.256,3.503,97.448,3.847,96.355,3.619,98.542,3.159,147.202,3.492,149.389,3.683,155.95
6.22,20.358,5.915,20.37,6.224,20.904,4.454,37.853,4.251,37.853,4.408,37.307,4.133,54.802,3.956,55.349,4.259,55.349,3.553,99.089,3.897,97.448,3.67,99.635,3.209,149.389,3.542,151.576,3.733,158.137
6.269,20.904,5.965,20.587,6.274,20.904,4.503,38.4,4.301,37.853,4.457,37.853,4.182,55.349,4.006,55.896,4.309,55.896,3.603,100.182,3.947,99.089,3.719,100.729,3.259,151.576,3.592,153.763,3.784,160.324
6.319,20.904,6.015,21.456,6.324,21.451,4.553,38.947,4.351,38.4,4.507,38.4,4.232,56.443,4.056,56.443,4.359,56.443,3.653,101.276,3.998,100.182,3.769,102.369,3.309,153.763,3.642,155.95,3.833,162.511
6.369,20.904,6.065,21.667,6.374,21.451,4.603,39.494,4.401,38.947,4.557,38.947,4.282,56.989,4.106,56.989,4.409,56.989,3.703,102.916,4.047,101.276,3.819,104.009,3.359,155.95,3.692,158.137,3.883,164.698
6.419,21.451,6.115,21.998,6.424,21.998,4.653,39.494,4.451,39.494,4.607,38.947,4.333,57.536,4.156,57.536,4.459,57.536,3.753,104.009,4.097,102.916,3.869,105.103,3.409,157.59,3.742,160.324,3.933,166.338
6.469,21.451,6.165,22.354,6.474,21.998,4.703,40.04,4.501,40.04,4.657,39.494,4.382,58.083,4.206,58.083,4.509,58.083,3.803,105.65,4.147,104.009,3.919,106.196,3.459,159.777,3.792,162.511,3.983,168.525
6.519,21.998,6.215,22.545,6.524,22.545,4.753,40.587,4.551,40.04,4.707,40.04,4.432,58.63,4.256,59.176,4.559,58.63,3.853,106.743,4.197,105.103,3.969,107.837,3.509,161.964,3.842,164.698,4.033,171.259
6.569,21.998,6.215,22.545,6.574,22.545,4.803,41.134,4.601,40.587,4.757,40.587,4.482,59.176,4.306,59.723,4.61,59.176,3.903,107.837,4.247,106.743,4.019,108.93,3.559,164.151,3.892,166.885,4.083,172.899
6.619,22.545,6.315,23.091,6.624,23.091,4.853,41.134,4.651,41.134,4.807,40.587,4.532,59.723,4.356,60.27,4.659,60.27,3.954,109.477,4.297,107.837,4.069,110.024,3.609,166.338,3.942,168.525,4.133,175.086
6.669,22.545,6.365,23.091,6.675,23.091,4.903,41.681,4.701,41.134,4.857,41.134,4.582,60.27,4.406,60.817,4.709,60.817,4.003,110.57,4.347,109.477,4.119,111.664,3.659,168.525,3.992,170.712,4.183,177.273
6.719,22.545,6.415,23.638,6.724,23.638,4.953,42.227,4.751,41.681,4.907,41.681,4.632,60.817,4.456,61.363,4.759,61.363,4.053,111.664,4.398,110.57,4.169,112.757,3.709,170.712,4.042,172.899,4.233,179.46
6.769,23.091,6.465,23.638,6.774,23.638,5.003,42.227,4.801,42.227,4.957,42.227,4.682,61.363,4.506,61.91,4.809,61.91,4.103,112.757,4.447,111.664,4.219,113.851,3.759,172.899,4.092,175.086,4.283,181.647
6.819,23.091,6.515,24.185,6.824,24.185,5.053,42.774,4.851,42.774,5.008,42.227,4.732,61.91,4.556,62.457,4.859,62.457,4.153,114.397,4.497,113.304,4.269,115.491,3.809,175.086,4.142,177.273,4.333,183.834
6.869,23.638,6.565,24.185,6.874,24.185,5.103,43.321,4.902,42.774,5.057,42.774,4.782,63.004,4.606,63.55,4.91,63.004,4.203,115.491,4.547,114.397,4.319,116.584,3.859,177.273,4.192,179.46,4.383,186.021
6.919,23.638,6.615,24.732,6.925,24.185,5.153,43.321,4.951,43.321,5.107,42.774,4.832,63.55,4.656,64.097,4.959,64.097,4.253,116.584,4.597,115.491,4.369,117.678,3.909,179.46,4.243,181.647,4.433,188.208
6.969,24.185,6.665,24.732,6.974,24.732,5.203,43.868,5.001,43.868,5.157,43.321,4.882,64.097,4.706,64.644,5.009,64.644,4.303,118.225,4.647,117.131,4.419,119.318,3.96,181.647,4.292,183.834,4.483,190.395
7.019,24.185,6.715,24.732,7.024,24.732,5.253,44.414,5.051,43.868,5.207,43.868,4.932,64.644,4.756,65.191,5.059,65.191,4.353,119.318,4.697,118.225,4.469,120.412,4.009,183.834,4.342,186.021,4.533,192.582
7.069,24.185,6.765,25.278,7.074,25.278,5.303,44.414,5.101,44.414,5.257,43.868,4.982,65.191,4.807,65.737,5.109,65.737,4.404,120.412,4.747,119.318,4.519,122.052,4.059,186.021,4.392,188.208,4.583,194.769
7.119,24.732,6.815,25.278,7.124,25.278,5.353,44.961,5.151,44.961,5.307,44.414,5.032,65.737,4.857,66.284,5.159,66.284,4.454,122.052,4.797,120.958,4.569,123.145,4.109,188.208,4.442,190.395,4.633,196.956
7.169,24.732,6.865,25.825,7.174,25.825,5.405,45.508,5.201,44.961,5.357,44.961,5.082,66.284,4.906,66.831,5.21,66.831,4.503,123.145,4.847,122.052,4.62,124.239,4.159,190.395,4.492,192.582,4.683,198.596
7.219,25.278,6.915,25.825,7.224,25.825,5.453,46.055,5.251,45.508,5.407,45.508,5.132,67.378,4.956,67.924,5.259,67.378,4.553,124.786,4.897,123.145,4.669,125.879,4.209,192.582,4.542,194.222,4.733,200.783
7.269,25.278,6.965,26.372,7.274,25.825,5.503,46.055,5.301,46.055,5.457,45.508,5.182,67.924,5.007,68.471,5.309,68.471,4.603,125.879,4.947,124.786,4.719,126.973,4.259,194.769,4.593,196.409,4.783,202.97
7.319,25.825,7.015,26.372,7.324,26.372,5.553,46.601,5.351,46.055,5.507,46.055,5.232,67.924,5.056,69.018,5.359,69.018,4.653,126.973,4.997,125.879,4.769,128.613,4.309,196.409,4.642,198.596,4.833,205.157
7.369,25.825,7.065,26.372,7.374,26.372,5.603,47.148,5.401,46.601,5.557,46.055,5.282,69.018,5.106,69.564,5.409,69.564,4.703,128.066,5.047,126.973,4.819,129.706,4.359,198.596,4.692,200.783,4.883,207.344
7.419,25.825,7.116,26.918,7.424,26.918,5.653,47.148,5.451,47.148,5.607,46.601,5.332,69.564,5.156,70.111,5.459,70.111,4.753,129.706,5.097,128.613,4.869,130.8,4.409,200.783,4.742,202.97,4.933,209.531
7.469,26.372,7.165,26.918,7.474,26.918,5.703,47.695,5.501,47.148,5.657,47.148,5.382,70.111,5.206,70.658,5.509,70.658,4.803,130.8,5.147,129.706,4.919,132.44,4.459,202.97,4.792,205.157,4.983,211.718
7.519,26.372,7.215,27.465,7.524,27.465,5.753,47.695,5.551,47.695,5.707,47.695,5.432,70.658,5.256,71.751,5.559,71.205,4.853,131.893,5.197,130.8,4.969,133.533,4.509,205.157,4.842,207.344,5.033,213.905
7.569,26.918,7.265,27.465,7.574,27.465,5.803,48.241,5.601,48.241,5.757,47.695,5.482,71.205,5.306,72.298,5.609,71.751,4.903,133.533,5.247,132.44,5.019,134.627,4.56,207.344,4.892,209.531,5.083,216.092
7.619,26.918,7.315,27.465,7.624,27.465,5.853,48.788,5.651,48.241,5.807,48.241,5.532,71.751,5.356,72.845,5.659,72.298,4.953,134.627,5.297,133.533,5.069,136.267,4.609,209.531,4.942,211.171,5.133,218.279
7.669,26.918,7.365,28.012,7.674,28.012,5.903,48.788,5.701,48.788,5.857,48.241,5.582,72.298,5.406,73.392,5.709,72.845,5.003,135.72,5.347,134.627,5.119,137.361,4.659,211.718,4.992,213.358,5.183,220.466
7.719,27.465,7.415,28.012,7.724,28.012,5.953,49.335,5.751,49.335,5.907,48.788,5.632,73.392,5.456,73.938,5.759,73.938,5.053,136.814,5.397,136.267,5.169,139.001,4.709,213.905,5.042,215.545,5.233,222.653
7.769,27.465,7.466,28.559,7.774,28.559,6.003,49.882,5.801,49.335,5.957,49.335,5.682,73.938,5.506,74.485,5.809,74.485,5.103,138.454,5.447,137.361,5.219,140.094,4.759,216.092,5.092,217.732,5.283,224.293
7.819,28.012,7.515,28.559,7.825,28.559,6.053,49.882,5.851,49.882,6.007,49.882,5.732,74.485,5.556,75.032,5.859,75.032,5.153,139.548,5.497,138.454,5.269,141.188,4.809,218.279,5.142,219.919,5.333,226.48
7.869,28.012,7.565,28.559,7.874,28.559,6.103,50.428,5.901,50.428,6.057,49.882,5.783,75.032,5.608,76.125,5.909,75.579,5.203,140.641,5.547,140.094,5.319,142.281,4.859,220.466,5.192,222.106,5.383,228.667
7.919,28.012,7.615,29.105,7.924,29.105,6.153,50.975,5.951,50.428,6.107,50.428,5.832,75.579,5.656,76.125,5.959,76.125,5.253,142.281,5.597,140.641,5.369,143.922,4.909,222.653,5.242,224.293,5.433,230.854
7.969,28.559,7.665,29.105,7.975,29.105,6.203,50.975,6.001,50.975,6.157,50.428,5.882,76.125,5.706,77.219,6.009,76.672,5.303,143.375,5.647,142.281,5.419,145.015,4.959,224.84,5.292,226.48,5.483,233.041
8.019,28.559,7.715,29.652,8.024,29.652,6.253,51.522,6.051,51.522,6.207,50.975,5.932,76.672,5.756,77.766,6.059,77.219,5.353,144.468,5.697,143.375,5.469,146.655,5.009,227.027,5.342,228.667,5.533,234.681
8.069,29.105,7.765,29.652,8.074,29.652,6.303,52.069,6.101,51.522,6.257,51.522,5.982,77.219,5.806,78.312,6.109,77.766,5.403,146.109,5.747,145.015,5.519,147.749,5.059,228.667,5.392,230.854,5.583,236.868
8.119,29.105,7.815,29.652,8.124,29.652,6.353,52.069,6.151,52.069,6.307,51.522,6.032,78.312,5.856,78.859,6.159,78.859,5.453,147.202,5.797,146.109,5.569,148.842,5.109,230.854,5.442,232.494,5.633,239.055
8.169,29.105,7.865,30.199,8.174,30.199,6.403,52.615,6.201,52.615,6.357,52.069,6.082,78.312,5.906,79.406,6.209,79.406,5.503,148.842,5.847,147.202,5.619,150.483,5.159,233.041,5.492,234.681,5.683,241.242
8.219,29.652,7.915,30.199,8.224,30.199,6.453,53.162,6.251,52.615,6.407,52.069,6.132,78.859,5.956,79.953,6.259,79.953,5.553,149.936,5.897,148.296,5.669,151.576,5.209,235.228,5.542,236.868,5.733,243.429
8.269,29.652,7.965,30.199,8.274,30.199,6.504,53.162,6.301,53.162,6.458,52.615,6.182,79.953,6.006,80.499,6.309,80.499,5.603,151.029,5.947,149.936,5.719,153.216,5.259,237.415,5.592,238.508,5.783,245.616
8.32,29.652,8.015,30.746,8.324,30.746,6.553,53.709,6.351,53.709,6.507,53.162,6.232,80.499,6.056,81.593,6.359,81.046,5.653,152.67,5.997,151.029,5.769,154.31,5.309,239.602,5.642,240.695,5.833,247.803
8.369,30.199,8.065,30.746,8.374,30.746,6.603,54.256,6.401,53.709,6.557,53.709,6.283,81.046,6.106,82.14,6.409,81.593,5.703,153.763,6.047,152.123,5.819,155.403,5.36,241.789,5.692,242.882,5.883,249.99
8.419,30.199,8.116,31.292,8.424,31.292,6.653,54.256,6.451,54.256,6.607,53.709,6.332,81.593,6.156,82.686,6.459,82.14,5.753,154.856,6.097,153.763,5.869,157.043,5.409,243.976,5.742,245.069,5.933,252.177
8.469,30.199,8.165,31.292,8.474,31.292,6.703,54.802,6.501,54.802,6.657,54.256,6.382,82.14,6.206,83.233,6.509,82.686,5.803,156.497,6.147,154.856,5.919,158.137,5.459,246.163,5.792,247.256,5.983,253.817
8.519,30.746,8.215,31.292,8.524,31.292,6.753,55.349,6.551,54.802,6.707,54.256,6.432,82.686,6.256,83.78,6.559,83.233,5.854,157.59,6.197,155.95,5.969,159.23,5.509,248.35,5.842,249.443,6.033,254.911
8.569,30.746,8.265,31.839,8.574,31.839,6.803,55.349,6.601,55.349,6.757,54.802,6.482,83.233,6.306,84.327,6.61,84.327,5.903,158.684,6.247,157.59,6.019,160.871,5.559,250.537,5.892,251.63,0,0
8.619,31.292,8.315,31.839,8.624,31.839,6.853,55.896,6.651,55.349,6.808,55.349,6.532,83.78,6.356,85.42,6.659,84.873,5.953,160.324,6.297,158.684,6.069,161.964,5.609,252.177,5.942,253.27,0,0
8.669,31.292,8.365,31.839,8.674,31.839,6.903,56.443,6.701,55.896,6.857,55.896,6.582,84.327,6.407,85.967,6.709,85.42,6.003,161.417,6.347,159.777,6.119,163.604,5.659,253.817,5.992,254.364,0,0
8.719,31.292,8.415,32.386,8.724,32.386,6.954,56.443,6.751,56.443,6.907,55.896,6.632,84.873,6.456,86.514,6.759,85.967,6.053,162.511,6.397,160.871,6.169,164.698,5.709,254.911,6.042,254.911,0,0
8.769,31.839,8.465,32.386,8.774,32.386,7.003,56.989,6.801,56.989,6.957,56.443,6.682,85.967,6.506,87.06,6.809,86.514,6.103,164.151,6.447,162.511,6.219,165.791,0,0,0,0,0,0
8.82,31.839,8.515,32.933,8.825,32.933,7.053,56.989,6.851,56.989,7.007,56.443,6.732,86.514,6.556,87.607,6.859,87.06,6.153,165.245,6.497,163.604,6.27,167.432,0,0,0,0,0,0
8.869,31.839,8.565,32.933,8.874,32.933,7.103,57.536,6.901,57.536,7.057,56.989,6.782,87.06,6.756,90.341,6.909,87.607,6.203,166.338,6.548,165.245,6.319,168.525,0,0,0,0,0,0
8.919,32.386,8.615,32.933,8.924,32.933,7.153,58.083,6.951,57.536,7.107,57.536,6.832,87.607,6.806,90.887,6.959,88.154,6.403,171.806,6.597,166.338,6.369,169.619,0,0,0,0,0,0
8.969,32.386,8.666,33.479,8.974,33.479,7.203,58.083,7.001,58.083,7.158,57.536,6.882,88.154,6.856,91.434,7.009,88.701,6.453,172.899,6.647,167.432,6.419,171.259,0,0,0,0,0,0
9.019,32.933,8.715,33.479,9.024,33.479,7.253,58.63,7.051,58.63,7.207,58.083,6.932,88.701,6.906,91.981,7.059,89.247,6.503,173.992,6.697,169.072,6.47,172.352,0,0,0,0,0,0
9.069,32.933,8.765,34.026,9.074,34.026,7.303,59.176,7.101,58.63,7.257,58.63,6.982,89.247,6.956,92.528,7.109,90.341,6.553,175.633,6.747,170.165,6.519,173.992,0,0,0,0,0,0
9.119,32.933,8.815,34.026,9.124,34.026,7.353,59.176,7.151,59.176,7.308,58.63,7.032,89.794,7.006,93.074,7.159,90.887,6.603,176.726,6.797,171.259,6.569,175.086,0,0,0,0,0,0
9.169,33.479,8.865,34.026,9.174,34.026,7.403,59.723,7.201,59.723,7.357,59.176,7.082,90.341,7.056,93.621,7.209,91.434,6.653,177.82,6.847,172.899,6.619,176.179,0,0,0,0,0,0
9.219,33.479,8.916,34.573,9.224,34.573,7.453,60.27,7.251,59.723,7.407,59.723,7.132,90.887,7.106,94.715,7.259,91.981,6.703,179.46,6.898,173.992,6.669,177.82,0,0,0,0,0,0
9.269,33.479,8.965,34.573,9.274,34.573,7.503,60.27,7.301,60.27,7.457,59.723,7.182,91.434,7.156,95.261,7.309,92.528,6.753,180.553,6.947,175.086,6.719,178.913,0,0,0,0,0,0
9.319,34.026,9.015,34.573,9.325,34.573,7.553,60.817,7.351,60.817,7.507,60.27,7.232,92.528,7.206,95.808,7.36,93.074,6.803,181.647,6.997,176.179,6.769,180.007,0,0,0,0,0,0
9.369,34.026,9.065,35.12,9.374,35.12,7.603,61.363,7.401,60.817,7.557,60.817,7.282,92.528,7.256,96.355,7.409,93.621,6.853,183.287,7.047,177.82,6.819,181.647,0,0,0,0,0,0
9.419,34.026,9.115,35.12,9.424,35.12,7.653,61.363,7.451,61.363,7.607,60.817,7.332,93.621,7.306,96.902,7.459,94.168,6.903,184.381,7.097,178.913,6.869,182.74,0,0,0,0,0,0
9.469,34.573,9.166,35.12,9.474,35.12,7.703,61.91,7.501,61.363,7.657,61.363,7.382,94.168,7.356,97.448,7.509,94.715,6.953,185.474,7.148,180.007,6.919,183.834,0,0,0,0,0,0
9.519,34.573,9.216,35.666,9.524,35.666,7.753,62.457,7.551,61.91,7.707,61.91,7.432,94.715,7.406,98.542,7.559,95.261,7.003,186.568,7.197,181.647,6.969,185.474,0,0,0,0,0,0
9.569,35.12,9.265,35.666,9.574,35.666,7.803,62.457,7.601,62.457,7.757,61.91,7.482,95.261,7.456,98.542,7.609,96.355,7.054,188.208,7.247,182.74,7.019,186.568,0,0,0,0,0,0
9.619,35.12,9.315,35.666,9.624,35.666,7.853,63.004,7.651,62.457,7.807,62.457,7.532,95.808,7.506,99.635,7.659,96.902,7.103,189.301,7.297,183.834,7.069,187.661,0,0,0,0,0,0
9.669,35.12,9.365,36.213,9.674,36.213,7.903,63.55,7.701,63.004,7.857,62.457,7.582,96.355,7.556,100.182,7.709,97.448,7.153,190.395,7.347,185.474,7.119,189.301,0,0,0,0,0,0
9.719,35.666,9.415,36.213,9.724,36.213,7.953,63.55,7.751,63.55,7.907,63.004,7.632,96.902,7.606,100.729,7.759,97.995,7.203,192.035,7.397,186.568,7.169,190.395,0,0,0,0,0,0
9.769,35.666,9.465,36.76,9.774,36.213,8.003,64.097,7.801,63.55,7.957,63.55,7.682,97.448,7.657,101.276,7.81,98.542,7.253,193.129,7.447,187.661,7.219,191.488,0,0,0,0,0,0
9.819,35.666,9.515,36.76,9.825,36.76,8.053,64.644,7.851,64.097,8.007,63.55,7.732,97.995,7.706,101.822,7.859,99.089,7.303,194.222,7.497,188.755,7.269,193.129,0,0,0,0,0,0
9.87,36.213,9.565,36.76,9.874,36.76,8.103,64.644,7.901,64.644,8.057,64.097,7.782,98.542,7.756,102.369,7.909,99.635,7.353,195.862,7.547,190.395,7.319,194.222,0,0,0,0,0,0
9.919,36.213,9.616,36.76,9.924,36.76,8.153,65.191,7.951,64.644,8.107,64.644,7.832,99.635,7.806,102.916,7.959,100.182,7.403,196.956,7.597,191.488,7.369,195.316,0,0,0,0,0,0
9.97,36.213,9.665,36.76,9.974,37.307,8.203,65.191,8.001,65.191,8.157,64.644,7.882,100.182,7.856,104.009,8.009,100.729,7.453,198.049,7.647,193.129,7.419,196.956,0,0,0,0,0,0
10.019,36.213,9.715,37.307,10.024,37.307,8.254,65.737,8.051,65.191,8.207,65.191,7.933,100.729,7.906,104.009,8.059,101.822,7.503,199.689,7.697,194.222,7.469,198.049,0,0,0,0,0,0
10.069,36.76,9.765,37.307,10.074,37.307,8.304,66.284,8.101,65.737,8.257,65.737,7.982,101.276,7.956,105.103,8.109,102.369,7.553,200.783,7.747,195.316,7.519,199.689,0,0,0,0,0,0
10.119,36.76,9.815,37.307,10.124,37.853,8.353,66.284,8.152,66.284,8.307,65.737,8.032,101.822,8.006,105.65,8.159,102.916,7.604,201.876,7.797,196.409,7.569,200.783,0,0,0,0,0,0
10.17,36.76,9.865,37.853,10.174,37.853,8.403,66.831,8.201,66.284,8.357,66.284,8.082,102.369,8.056,106.196,8.211,103.463,7.653,203.517,7.847,198.049,7.619,201.876,0,0,0,0,0,0
10.219,37.307,9.915,37.853,10.224,37.853,8.453,67.378,8.251,66.831,8.407,66.284,8.132,102.916,8.106,106.743,8.259,104.009,7.703,204.61,7.897,199.143,7.669,203.517,0,0,0,0,0,0
10.269,37.307,9.965,37.853,10.274,38.4,8.503,67.378,8.301,67.378,8.457,66.831,8.182,103.463,8.156,107.29,8.309,104.556,7.753,205.704,7.947,200.236,7.719,204.61,0,0,0,0,0,0
10.319,37.853,10.015,38.4,10.324,38.4,8.553,67.924,8.351,67.378,8.507,67.378,8.232,104.009,8.206,107.837,8.36,105.103,7.803,206.797,7.997,201.876,7.769,205.704,0,0,0,0,0,0
10.369,37.853,10.065,38.4,10.374,38.4,8.603,68.471,8.402,67.924,8.557,67.378,8.282,104.556,8.256,108.383,8.409,106.196,7.853,207.891,8.047,202.97,7.819,207.344,0,0,0,0,0,0
10.419,37.853,10.115,38.947,10.424,38.947,8.653,68.471,8.451,67.924,8.607,67.924,8.332,105.103,8.306,109.477,8.459,106.743,7.903,209.531,8.097,204.063,7.869,208.437,0,0,0,0,0,0
10.469,37.853,10.165,38.947,10.474,38.947,8.703,69.018,8.501,68.471,8.657,68.471,8.382,105.65,8.356,110.024,8.509,107.29,7.953,210.624,8.147,205.704,7.919,209.531,0,0,0,0,0,0
10.519,37.853,10.215,38.947,10.524,38.947,8.753,69.018,8.551,69.018,8.708,68.471,8.432,106.196,8.407,110.57,8.559,107.837,8.003,211.718,8.197,206.797,7.969,211.171,0,0,0,0,0,0
10.569,38.4,10.265,39.494,10.574,39.494,8.803,69.564,8.601,69.018,8.757,69.018,8.482,107.29,8.456,111.117,8.609,108.383,8.053,213.358,8.247,207.891,8.019,212.265,0,0,0,0,0,0
10.619,38.4,10.315,39.494,10.624,39.494,8.853,70.111,8.651,69.564,8.807,69.564,8.532,107.837,8.506,111.664,8.659,108.93,8.103,214.452,8.297,209.531,8.069,213.358,0,0,0,0,0,0
10.669,38.4,10.365,39.494,10.674,39.494,8.903,70.111,8.701,70.111,8.857,69.564,8.582,108.383,8.556,112.21,8.709,109.477,8.153,215.545,8.347,210.624,8.119,214.998,0,0,0,0,0,0
10.719,38.4,10.415,40.04,10.724,39.494,8.953,70.658,8.751,70.111,8.907,70.111,8.632,108.93,8.606,112.757,8.759,110.024,8.203,217.185,8.398,211.718,8.169,216.092,0,0,0,0,0,0
10.769,38.947,10.465,40.04,10.774,39.494,9.003,71.205,8.801,70.658,8.957,70.658,8.682,109.477,8.656,113.304,8.809,110.57,8.253,218.279,8.447,212.811,8.219,217.732,0,0,0,0,0,0
10.819,38.947,10.515,40.04,10.824,40.04,9.053,71.205,8.851,71.205,9.007,70.658,8.732,110.024,8.706,113.851,8.859,111.664,8.303,219.372,8.497,214.452,8.269,218.825,0,0,0,0,0,0
10.869,39.494,10.565,40.587,10.874,40.04,9.103,71.751,8.901,71.205,9.057,71.205,8.782,110.57,8.756,114.397,8.909,112.21,8.353,221.012,8.547,215.545,8.319,219.919,0,0,0,0,0,0
10.919,39.494,10.615,40.587,10.924,40.587,9.153,72.298,8.951,71.751,9.107,71.205,8.832,111.117,8.806,115.491,8.959,112.757,8.403,222.106,8.597,216.638,8.369,221.559,0,0,0,0,0,0
10.969,39.494,10.665,40.587,10.975,40.587,9.203,72.298,9.001,72.298,9.157,71.751,8.882,112.21,8.856,116.038,9.009,113.304,8.453,223.199,8.647,218.279,8.419,222.653,0,0,0,0,0,0
11.019,40.04,10.715,40.587,11.024,40.587,9.253,72.845,9.051,72.298,9.207,71.751,8.932,112.757,8.906,116.584,9.059,113.851,8.503,224.293,8.697,219.372,8.469,224.293,0,0,0,0,0,0
11.069,40.04,10.765,41.134,11.074,41.134,9.303,73.392,9.101,72.845,9.257,72.298,8.982,113.304,8.956,117.131,9.109,114.397,8.553,225.933,8.747,220.466,8.519,224.84,0,0,0,0,0,0
11.119,40.04,10.815,41.134,11.124,41.134,9.354,73.392,9.151,73.392,9.307,72.845,9.032,113.851,9.006,117.678,9.159,114.944,8.603,227.027,8.797,222.106,8.569,226.48,0,0,0,0,0,0
11.169,40.587,10.865,41.134,11.174,41.134,9.403,73.938,9.201,73.392,9.358,73.392,9.082,114.397,9.056,118.225,9.209,115.491,8.653,228.12,8.847,223.199,8.619,227.573,0,0,0,0,0,0
11.219,40.587,10.915,41.681,11.224,41.681,9.453,74.485,9.251,73.938,9.407,73.392,9.132,114.944,9.106,118.771,9.259,116.038,8.703,229.76,8.897,224.293,8.669,228.667,0,0,0,0,0,0
11.269,40.587,10.965,41.681,11.274,41.681,9.503,74.485,9.301,74.485,9.457,73.938,9.182,115.491,9.156,119.865,9.309,116.584,8.753,230.854,8.947,225.386,8.72,230.307,0,0,0,0,0,0
11.319,40.587,11.015,41.681,11.324,41.681,9.553,75.032,9.351,74.485,9.507,73.938,9.232,116.038,9.206,120.412,9.359,117.678,8.803,231.947,8.997,226.48,8.769,231.401,0,0,0,0,0,0
11.369,41.134,11.065,42.227,11.374,42.227,9.603,75.579,9.401,75.032,9.557,74.485,9.282,116.584,9.256,120.958,9.409,118.225,8.853,233.588,9.047,228.12,8.819,232.494,0,0,0,0,0,0
11.419,41.134,11.115,42.227,11.424,42.227,9.653,75.579,9.451,75.579,9.607,75.032,9.332,117.131,9.306,121.505,9.459,118.771,8.903,234.681,9.097,229.214,8.869,234.134,0,0,0,0,0,0
11.469,41.134,11.165,42.227,11.474,42.227,9.703,76.125,9.501,75.579,9.657,75.032,9.382,117.678,9.356,122.052,9.509,119.318,8.953,235.775,9.147,230.307,8.919,235.228,0,0,0,0,0,0
11.519,41.681,11.215,42.774,11.524,42.774,9.753,76.125,9.551,76.125,9.707,75.579,9.432,118.225,9.406,122.599,9.559,119.865,9.003,237.415,9.197,231.947,8.969,236.321,0,0,0,0,0,0
11.569,41.681,11.265,42.774,11.574,42.774,9.803,76.672,9.601,76.672,9.757,76.125,9.482,119.318,9.456,123.145,9.609,120.412,9.053,238.508,9.247,233.041,9.019,237.962,0,0,0,0,0,0
11.619,41.681,11.315,42.774,11.624,42.774,9.853,77.219,9.651,76.672,9.807,76.125,9.532,119.865,9.506,124.239,9.659,120.958,9.103,239.602,9.297,234.134,9.069,239.055,0,0,0,0,0,0
11.669,42.227,11.365,42.774,11.674,42.774,9.903,77.219,9.701,77.219,9.857,76.672,9.582,120.412,9.556,124.786,9.709,121.505,9.153,241.242,9.347,235.775,9.119,240.148,0,0,0,0,0,0
11.719,42.227,11.415,43.321,11.724,43.321,9.953,77.766,9.751,77.219,9.907,77.219,9.632,120.958,9.607,125.332,9.759,122.052,9.203,242.335,9.397,236.868,9.169,241.789,0,0,0,0,0,0
11.769,42.227,11.465,43.321,11.774,43.321,10.003,78.312,9.801,77.766,9.957,77.219,9.682,121.505,9.656,125.879,9.809,122.599,9.253,243.429,9.447,237.962,9.219,242.882,0,0,0,0,0,0
11.819,42.774,11.515,43.321,11.825,43.321,10.053,78.312,9.851,78.312,10.007,77.766,9.733,122.052,9.706,126.426,9.859,123.692,9.303,244.522,9.497,239.055,9.27,243.976,0,0,0,0,0,0
11.869,42.774,11.565,43.868,11.874,43.868,10.103,78.859,9.901,78.312,10.057,78.312,9.782,122.599,9.756,126.973,9.909,123.692,9.353,246.163,9.547,240.695,9.319,245.616,0,0,0,0,0,0
11.919,42.774,11.615,43.868,11.924,43.868,10.153,79.406,9.951,78.859,10.107,78.312,9.832,123.145,9.806,127.519,9.96,124.786,9.404,247.256,9.597,241.789,9.369,246.709,0,0,0,0,0,0
11.969,42.774,11.665,43.868,11.974,43.868,10.203,79.406,10.001,78.859,10.157,78.859,9.882,123.692,9.857,128.066,10.009,125.332,9.453,248.35,9.647,242.882,9.419,247.803,0,0,0,0,0,0
12.02,43.321,11.716,44.414,12.024,43.868,10.253,79.953,10.051,79.406,10.207,78.859,9.932,124.239,9.906,129.16,10.059,125.879,9.503,249.99,9.697,243.976,9.47,249.443,0,0,0,0,0,0
12.069,43.321,11.765,44.414,12.074,44.414,10.303,79.953,10.101,79.953,10.257,79.406,9.982,124.786,9.956,129.706,10.109,126.426,9.553,251.083,9.747,245.616,9.519,250.537,0,0,0,0,0,0
12.119,43.321,11.815,44.414,12.124,44.414,10.353,80.499,10.151,80.499,10.307,79.953,10.032,125.879,10.006,130.253,10.159,126.973,9.604,252.177,9.797,246.709,9.569,251.63,0,0,0,0,0,0
12.169,43.868,11.915,44.961,12.174,44.414,10.403,81.046,10.201,80.499,10.357,79.953,10.082,126.426,10.057,130.8,10.211,127.519,9.653,253.817,9.847,247.803,9.619,253.27,0,0,0,0,0,0
12.219,43.868,11.965,44.961,12.224,44.961,10.453,81.046,10.251,81.046,10.407,80.499,10.132,126.973,10.107,131.347,10.259,128.066,9.703,254.364,9.898,249.443,9.669,253.817,0,0,0,0,0,0
12.269,43.868,12.015,44.961,12.274,44.961,10.503,81.593,10.301,81.046,10.457,80.499,10.182,127.519,10.156,131.893,10.309,128.613,9.753,254.911,9.947,250.537,9.719,254.364,0,0,0,0,0,0
12.319,43.868,12.065,45.508,12.324,44.961,10.553,81.593,10.351,81.593,10.507,81.046,10.232,128.066,10.206,132.44,10.359,129.706,9.803,254.911,9.997,251.63,0,0,0,0,0,0,0,0
12.369,44.414,12.115,45.508,12.374,45.508,10.603,82.14,10.401,82.14,10.557,81.593,10.282,128.613,10.256,132.987,10.409,130.253,0,0,10.047,252.724,0,0,0,0,0,0,0,0
12.419,44.414,12.165,45.508,12.424,45.508,10.653,82.686,10.451,82.14,10.607,81.593,10.332,129.16,10.306,133.533,10.459,130.8,0,0,10.097,253.817,0,0,0,0,0,0,0,0
12.469,44.414,12.215,45.508,12.474,45.508,10.703,82.686,10.501,82.686,10.657,82.14,10.382,129.706,10.356,134.08,10.509,131.347,0,0,0,0,0,0,0,0,0,0,0,0
12.519,44.961,12.265,46.055,12.524,45.508,10.753,83.233,10.551,83.233,10.707,82.686,10.433,130.253,10.406,135.174,10.559,131.893,0,0,0,0,0,0,0,0,0,0,0,0
12.569,44.961,12.315,46.055,12.574,46.055,10.803,83.78,10.602,83.233,10.757,82.686,10.482,130.8,10.456,135.72,10.609,132.44,0,0,0,0,0,0,0,0,0,0,0,0
12.619,44.961,12.365,46.055,12.624,46.055,10.853,83.78,10.651,83.78,10.807,83.233,10.532,131.347,10.506,136.267,10.66,132.987,0,0,0,0,0,0,0,0,0,0,0,0
12.669,44.961,12.415,46.601,12.674,46.055,10.903,84.327,10.701,84.327,10.857,83.78,10.582,131.893,10.556,136.814,10.709,133.533,0,0,0,0,0,0,0,0,0,0,0,0
12.719,45.508,12.465,46.601,12.724,46.601,10.953,84.327,10.751,84.327,10.907,83.78,10.632,132.987,10.606,137.361,10.759,134.08,0,0,0,0,0,0,0,0,0,0,0,0
12.769,45.508,12.515,47.148,12.774,46.601,11.003,84.873,10.801,84.873,10.957,84.327,10.682,132.987,10.656,137.907,10.809,135.174,0,0,0,0,0,0,0,0,0,0,0,0
12.819,45.508,12.565,47.148,12.824,46.601,11.053,85.42,10.851,84.873,11.007,84.327,10.732,133.533,10.707,138.454,10.859,135.72,0,0,0,0,0,0,0,0,0,0,0,0
12.869,46.055,12.665,47.148,12.874,47.148,11.103,85.42,10.901,85.42,11.057,84.873,10.782,134.08,10.756,139.001,10.909,136.267,0,0,0,0,0,0,0,0,0,0,0,0
12.919,46.055,12.765,47.695,12.924,47.148,11.153,85.967,10.951,85.967,11.107,85.42,10.832,134.627,10.806,139.548,10.959,136.814,0,0,0,0,0,0,0,0,0,0,0,0
12.969,46.055,12.815,47.695,12.974,47.148,11.203,86.514,11.001,85.967,11.157,85.42,10.882,135.174,10.856,140.641,11.009,137.361,0,0,0,0,0,0,0,0,0,0,0,0
13.019,46.601,12.865,47.695,13.024,47.695,11.253,86.514,11.051,86.514,11.207,85.967,10.932,136.267,10.906,141.188,11.059,137.907,0,0,0,0,0,0,0,0,0,0,0,0
13.069,46.601,12.915,48.241,13.074,47.695,11.303,87.06,11.101,87.06,11.257,86.514,10.982,136.814,10.957,141.735,11.109,138.454,0,0,0,0,0,0,0,0,0,0,0,0
13.119,46.601,12.965,48.241,13.124,47.695,11.353,87.06,11.151,87.06,11.307,86.514,11.033,137.361,11.006,142.281,11.159,139.001,0,0,0,0,0,0,0,0,0,0,0,0
13.169,46.601,13.015,48.241,13.174,47.695,11.403,87.607,11.201,87.607,11.357,87.06,11.082,137.907,11.056,142.828,11.209,139.548,0,0,0,0,0,0,0,0,0,0,0,0
13.219,47.148,13.065,48.788,13.224,48.241,11.453,88.154,11.251,87.607,11.407,87.06,11.132,138.454,11.106,143.922,11.259,140.094,0,0,0,0,0,0,0,0,0,0,0,0
13.269,47.148,13.115,48.788,13.274,48.241,11.503,88.701,11.301,88.154,11.457,87.607,11.182,139.001,11.156,143.922,11.309,140.641,0,0,0,0,0,0,0,0,0,0,0,0
13.319,47.148,13.165,48.788,13.324,48.241,11.553,88.701,11.351,88.701,11.507,88.154,11.232,139.548,11.206,144.468,11.359,141.735,0,0,0,0,0,0,0,0,0,0,0,0
13.369,47.695,13.215,48.788,13.374,48.788,11.603,89.247,11.401,88.701,11.557,88.154,11.282,140.094,11.256,145.015,11.409,142.281,0,0,0,0,0,0,0,0,0,0,0,0
13.419,47.695,13.265,49.335,13.424,48.788,11.653,89.247,11.451,89.247,11.607,88.701,11.332,140.641,11.306,146.109,11.46,142.828,0,0,0,0,0,0,0,0,0,0,0,0
13.469,47.695,13.315,49.335,13.474,48.788,11.703,89.794,11.501,89.794,11.658,89.247,11.382,141.188,11.356,146.655,11.509,143.375,0,0,0,0,0,0,0,0,0,0,0,0
13.519,47.695,13.365,49.335,13.524,48.788,11.753,90.341,11.551,89.794,11.707,89.247,11.432,141.735,11.406,147.202,11.559,143.922,0,0,0,0,0,0,0,0,0,0,0,0
13.569,48.241,13.415,49.882,13.574,49.335,11.803,90.341,11.601,90.341,11.757,89.794,11.482,142.281,11.456,147.749,11.609,144.468,0,0,0,0,0,0,0,0,0,0,0,0
13.619,48.241,13.465,49.882,13.624,49.335,11.853,90.887,11.651,90.887,11.807,90.341,11.532,142.828,11.506,148.296,11.659,145.015,0,0,0,0,0,0,0,0,0,0,0,0
13.669,48.241,13.515,49.882,13.674,49.335,11.903,91.434,11.701,90.887,11.857,90.341,11.582,143.922,11.556,148.842,11.709,145.562,0,0,0,0,0,0,0,0,0,0,0,0
13.719,48.241,13.565,50.428,13.724,49.882,11.953,91.434,11.751,91.434,11.907,90.887,11.632,144.468,11.606,149.389,11.759,146.109,0,0,0,0,0,0,0,0,0,0,0,0
13.769,48.788,13.615,50.428,13.774,49.882,12.003,91.981,11.801,91.434,11.957,90.887,11.682,145.015,11.656,149.936,11.809,147.202,0,0,0,0,0,0,0,0,0,0,0,0
13.819,48.788,13.665,50.428,13.824,49.882,12.053,91.981,11.851,91.981,12.007,91.434,11.732,145.562,11.706,151.029,11.859,147.749,0,0,0,0,0,0,0,0,0,0,0,0
13.869,48.788,13.715,50.428,13.874,50.428,12.103,92.528,11.901,92.528,12.057,91.981,11.782,146.109,11.756,151.576,11.909,148.296,0,0,0,0,0,0,0,0,0,0,0,0
13.919,49.335,13.765,50.975,13.924,50.428,12.153,93.074,11.951,92.528,12.107,91.981,11.832,146.655,11.806,152.123,11.959,148.842,0,0,0,0,0,0,0,0,0,0,0,0
13.969,49.335,13.815,50.975,13.974,50.428,12.203,93.074,12.001,93.074,12.157,92.528,11.882,147.202,11.856,152.67,12.009,149.389,0,0,0,0,0,0,0,0,0,0,0,0
14.019,49.335,13.865,50.975,14.024,50.428,12.253,93.621,12.051,93.621,12.207,93.074,11.932,147.749,11.906,153.216,12.059,149.936,0,0,0,0,0,0,0,0,0,0,0,0
14.069,49.882,13.915,51.522,14.074,50.975,12.303,94.168,12.101,93.621,12.257,93.074,11.982,148.296,11.956,153.763,12.109,150.483,0,0,0,0,0,0,0,0,0,0,0,0
14.119,49.882,13.965,51.522,14.124,50.975,12.353,94.168,12.151,94.168,12.307,93.621,12.032,149.389,12.006,154.31,12.159,151.029,0,0,0,0,0,0,0,0,0,0,0,0
14.169,49.882,14.015,51.522,14.174,50.975,12.403,94.715,12.201,94.715,12.357,93.621,12.082,149.389,12.056,154.856,12.211,151.576,0,0,0,0,0,0,0,0,0,0,0,0
14.219,49.882,14.065,52.069,14.224,51.522,12.453,95.261,12.251,94.715,12.407,94.168,12.132,150.483,12.106,155.403,12.259,152.67,0,0,0,0,0,0,0,0,0,0,0,0
14.269,50.428,14.115,52.069,14.274,51.522,12.504,95.261,12.301,95.261,12.457,94.715,12.182,151.029,12.156,155.95,12.309,153.216,0,0,0,0,0,0,0,0,0,0,0,0
14.319,50.428,14.165,52.069,14.324,51.522,12.553,95.808,12.351,95.808,12.507,94.715,12.232,151.576,12.206,157.043,12.359,153.216,0,0,0,0,0,0,0,0,0,0,0,0
14.369,50.428,14.215,52.069,14.374,52.069,12.603,95.808,12.401,95.808,12.557,95.261,12.282,152.123,12.256,157.59,12.409,154.31,0,0,0,0,0,0,0,0,0,0,0,0
14.419,50.975,14.265,52.615,14.424,52.069,12.653,96.355,12.451,96.355,12.607,95.808,12.332,152.67,12.306,158.137,12.459,154.856,0,0,0,0,0,0,0,0,0,0,0,0
14.469,50.975,14.316,52.615,14.474,52.069,12.703,96.902,12.502,96.902,12.657,95.808,12.382,153.216,12.356,158.684,12.509,155.403,0,0,0,0,0,0,0,0,0,0,0,0
14.519,50.975,14.365,52.615,14.524,52.069,12.753,96.902,12.551,96.902,12.707,96.355,12.432,153.763,12.406,159.23,12.559,155.95,0,0,0,0,0,0,0,0,0,0,0,0
14.569,50.975,14.415,53.162,14.574,52.615,12.803,97.448,12.601,97.448,12.757,96.902,12.482,154.31,12.457,159.777,12.609,156.497,0,0,0,0,0,0,0,0,0,0,0,0
14.619,51.522,14.465,53.162,14.624,52.615,12.853,97.995,12.651,97.448,12.807,96.902,12.532,154.856,12.506,160.324,12.659,157.043,0,0,0,0,0,0,0,0,0,0,0,0
14.669,51.522,14.516,53.162,14.674,52.615,12.904,97.995,12.701,97.995,12.857,97.448,12.582,155.403,12.556,161.417,12.709,157.59,0,0,0,0,0,0,0,0,0,0,0,0
14.719,51.522,14.566,53.162,14.724,53.162,12.953,98.542,12.751,98.542,12.907,97.995,12.632,155.95,12.606,161.964,12.759,158.137,0,0,0,0,0,0,0,0,0,0,0,0
14.769,52.069,14.615,53.709,14.774,53.162,13.003,99.089,12.801,99.089,12.957,97.995,12.682,157.043,12.656,162.511,12.809,158.684,0,0,0,0,0,0,0,0,0,0,0,0
14.819,52.069,14.665,53.709,14.824,53.162,13.053,99.089,12.851,99.089,13.007,98.542,12.732,157.59,12.706,163.058,12.859,159.23,0,0,0,0,0,0,0,0,0,0,0,0
14.869,52.069,14.715,53.709,14.874,53.162,13.103,99.635,12.901,99.635,13.057,99.089,12.782,158.137,12.756,163.604,12.909,159.777,0,0,0,0,0,0,0,0,0,0,0,0
14.919,52.069,14.765,54.256,14.924,53.709,13.153,100.182,12.951,99.635,13.107,99.089,12.832,158.684,12.806,164.151,12.959,160.324,0,0,0,0,0,0,0,0,0,0,0,0
14.969,52.615,14.815,54.256,14.974,53.709,13.203,100.182,13.001,100.182,13.157,99.635,12.882,159.23,12.857,164.698,13.009,161.417,0,0,0,0,0,0,0,0,0,0,0,0
15.019,52.615,14.865,54.256,15.025,53.709,13.253,100.729,13.051,100.729,13.207,99.635,12.932,159.777,12.906,165.245,13.06,161.964,0,0,0,0,0,0,0,0,0,0,0,0
15.069,52.615,14.915,54.256,15.074,54.256,13.303,100.729,13.101,100.729,13.257,100.182,12.982,160.324,12.956,166.338,13.109,162.511,0,0,0,0,0,0,0,0,0,0,0,0
15.119,53.162,14.965,54.802,15.124,54.256,13.353,101.276,13.151,101.276,13.307,100.729,13.032,160.871,13.006,166.885,13.159,163.058,0,0,0,0,0,0,0,0,0,0,0,0
15.169,53.162,15.015,54.802,15.175,54.256,13.403,101.822,13.201,101.822,13.357,100.729,13.082,161.417,13.056,167.432,13.209,163.604,0,0,0,0,0,0,0,0,0,0,0,0
15.219,53.162,15.065,54.802,15.224,54.802,13.453,101.822,13.251,101.822,13.407,101.276,13.132,161.964,13.106,167.978,13.259,164.151,0,0,0,0,0,0,0,0,0,0,0,0
15.269,53.162,15.115,54.802,15.274,54.802,13.503,102.369,13.301,102.369,13.457,101.822,13.182,162.511,13.156,168.525,13.309,164.698,0,0,0,0,0,0,0,0,0,0,0,0
15.319,53.709,15.165,55.349,15.324,54.802,13.553,102.916,13.351,102.916,13.507,101.822,13.232,163.058,13.206,169.072,13.359,165.245,0,0,0,0,0,0,0,0,0,0,0,0
15.369,53.709,15.215,55.349,15.374,54.802,13.603,102.916,13.401,102.916,13.557,102.369,13.282,163.604,13.256,169.619,13.409,165.791,0,0,0,0,0,0,0,0,0,0,0,0
15.419,53.709,15.265,0,15.424,55.349,13.653,103.463,13.451,103.463,13.607,102.369,13.332,164.698,13.306,170.165,13.459,166.885,0,0,0,0,0,0,0,0,0,0,0,0
15.469,54.256,15.315,0,15.474,55.349,13.703,104.009,13.501,103.463,13.657,102.916,13.382,165.245,13.356,170.712,13.509,167.432,0,0,0,0,0,0,0,0,0,0,0,0
15.519,54.256,15.366,56.443,15.524,55.349,13.753,104.009,13.551,104.009,13.707,103.463,13.432,165.791,13.406,171.806,13.559,167.978,0,0,0,0,0,0,0,0,0,0,0,0
15.569,54.256,15.415,56.443,15.574,55.896,13.803,104.556,13.601,104.556,13.757,103.463,13.482,166.338,13.456,172.352,13.61,168.525,0,0,0,0,0,0,0,0,0,0,0,0
15.619,54.256,15.465,56.443,15.624,55.896,13.853,104.556,13.651,104.556,13.807,104.009,13.532,166.885,13.506,172.899,13.659,169.072,0,0,0,0,0,0,0,0,0,0,0,0
15.669,54.802,15.515,56.443,15.674,55.896,13.903,105.103,13.701,105.103,13.857,104.556,13.582,167.432,13.556,173.446,13.709,169.619,0,0,0,0,0,0,0,0,0,0,0,0
15.719,54.802,15.565,56.443,15.724,55.896,13.953,105.65,13.751,105.65,13.907,104.556,13.632,167.978,13.606,173.992,13.759,170.165,0,0,0,0,0,0,0,0,0,0,0,0
15.769,54.802,15.615,56.989,15.774,56.443,14.003,105.65,13.801,105.65,13.957,105.103,13.682,168.525,13.656,174.539,13.809,170.712,0,0,0,0,0,0,0,0,0,0,0,0
15.819,54.802,15.665,56.989,15.824,56.443,14.053,106.196,13.851,106.196,14.008,105.65,13.732,169.072,13.706,175.086,13.859,171.259,0,0,0,0,0,0,0,0,0,0,0,0
15.869,55.349,15.715,56.989,15.874,56.443,14.103,106.196,13.901,106.196,14.057,105.65,13.782,169.619,13.756,176.179,13.909,171.806,0,0,0,0,0,0,0,0,0,0,0,0
15.919,55.349,15.765,57.536,15.924,56.989,14.153,106.743,13.951,106.743,14.107,106.196,13.833,170.165,13.806,176.726,13.959,172.899,0,0,0,0,0,0,0,0,0,0,0,0
15.969,55.349,15.815,57.536,15.974,56.989,14.203,107.29,14.001,107.29,14.157,106.743,13.882,170.712,13.856,177.273,14.01,173.446,0,0,0,0,0,0,0,0,0,0,0,0
16.019,55.896,15.866,57.536,16.024,56.989,14.253,107.29,14.051,107.29,14.207,106.743,13.932,171.259,13.906,177.82,14.059,173.992,0,0,0,0,0,0,0,0,0,0,0,0
16.069,55.896,15.915,57.536,16.074,57.536,14.303,107.837,14.101,107.837,14.257,107.29,13.982,171.806,13.956,178.366,14.109,174.539,0,0,0,0,0,0,0,0,0,0,0,0
16.119,55.896,15.965,58.083,16.124,57.536,14.353,108.383,14.151,107.837,14.307,107.29,14.032,172.352,14.006,178.913,14.159,175.086,0,0,0,0,0,0,0,0,0,0,0,0
16.169,56.443,16.015,58.083,16.174,57.536,14.403,108.383,14.201,108.383,14.357,107.837,14.082,173.446,14.056,179.46,14.209,175.633,0,0,0,0,0,0,0,0,0,0,0,0
16.219,56.443,16.066,58.083,16.224,58.083,14.453,108.93,14.251,108.93,14.407,108.383,14.132,173.992,14.106,180.007,14.259,176.179,0,0,0,0,0,0,0,0,0,0,0,0
16.269,56.443,16.116,58.63,16.274,58.083,14.503,108.93,14.301,108.93,14.457,108.383,14.182,174.539,14.156,180.553,14.309,176.726,0,0,0,0,0,0,0,0,0,0,0,0
16.319,56.443,16.165,58.63,16.325,58.083,14.553,109.477,14.352,109.477,14.507,108.93,14.232,175.086,14.206,181.1,14.359,177.273,0,0,0,0,0,0,0,0,0,0,0,0
16.369,56.989,16.215,58.63,16.374,58.083,14.603,110.024,14.401,110.024,14.557,109.477,14.282,175.633,14.256,182.194,14.409,177.82,0,0,0,0,0,0,0,0,0,0,0,0
16.419,56.989,16.265,58.63,16.424,58.63,14.653,110.024,14.451,110.024,14.607,109.477,14.332,176.179,14.306,182.74,14.459,178.366,0,0,0,0,0,0,0,0,0,0,0,0
16.469,56.989,16.315,59.176,16.474,58.63,14.703,110.57,14.501,110.57,14.657,110.024,14.382,176.726,14.356,183.287,14.509,178.913,0,0,0,0,0,0,0,0,0,0,0,0
16.519,57.536,16.415,59.176,16.525,58.63,14.753,111.117,14.551,111.117,14.707,110.024,14.432,177.273,14.406,183.834,14.559,180.007,0,0,0,0,0,0,0,0,0,0,0,0
16.569,57.536,16.465,59.723,16.574,58.63,14.803,111.117,14.601,111.117,14.757,110.57,14.482,177.82,14.456,184.381,14.609,180.553,0,0,0,0,0,0,0,0,0,0,0,0
16.619,57.536,16.515,59.723,16.624,59.176,14.853,111.664,14.651,111.664,14.807,111.117,14.533,178.366,14.506,184.927,14.659,181.1,0,0,0,0,0,0,0,0,0,0,0,0
16.669,58.083,16.565,59.723,16.674,59.176,14.903,111.664,14.701,111.664,14.857,111.117,14.582,178.913,14.556,185.474,14.709,181.647,0,0,0,0,0,0,0,0,0,0,0,0
16.719,58.083,16.615,60.27,16.724,59.723,14.953,112.21,14.751,112.21,14.907,111.664,14.632,179.46,14.606,186.021,14.759,182.194,0,0,0,0,0,0,0,0,0,0,0,0
16.769,58.083,16.665,60.27,16.774,59.723,15.003,112.757,14.801,112.757,14.957,112.21,14.682,180.007,14.656,187.114,14.809,182.74,0,0,0,0,0,0,0,0,0,0,0,0
16.819,58.083,16.715,60.27,16.824,59.723,15.053,112.757,14.851,112.757,15.007,112.21,14.732,180.553,14.706,187.661,14.859,183.287,0,0,0,0,0,0,0,0,0,0,0,0
16.869,58.63,16.765,60.27,16.874,59.723,15.103,113.304,14.901,113.304,15.057,112.757,14.782,181.647,14.756,188.208,14.909,183.834,0,0,0,0,0,0,0,0,0,0,0,0
16.919,58.63,16.815,60.817,16.924,60.27,15.154,113.851,14.951,113.304,15.107,112.757,14.832,182.194,14.806,188.755,14.959,184.381,0,0,0,0,0,0,0,0,0,0,0,0
16.969,58.63,16.865,60.817,16.974,60.27,15.203,113.851,15.001,113.851,15.157,113.304,14.882,182.74,14.857,189.301,15.009,184.927,0,0,0,0,0,0,0,0,0,0,0,0
17.019,59.176,16.915,60.817,17.024,60.27,15.253,114.397,15.051,114.397,15.208,113.851,14.932,183.287,14.906,189.848,15.059,185.474,0,0,0,0,0,0,0,0,0,0,0,0
17.069,59.176,16.965,61.363,17.074,60.817,15.303,114.397,15.101,114.397,15.257,113.851,14.983,183.834,14.956,190.395,15.109,186.568,0,0,0,0,0,0,0,0,0,0,0,0
17.119,59.176,17.015,61.363,17.124,60.817,15.353,114.944,15.151,114.944,15.307,114.397,15.032,184.381,15.006,190.942,15.159,187.114,0,0,0,0,0,0,0,0,0,0,0,0
17.169,59.176,17.065,61.363,17.174,60.817,15.403,115.491,15.201,115.491,15.357,114.397,15.082,184.927,15.056,191.488,15.209,187.661,0,0,0,0,0,0,0,0,0,0,0,0
17.219,59.723,17.115,61.363,17.224,60.817,15.453,115.491,15.251,115.491,15.407,114.944,15.132,185.474,15.106,192.035,15.259,188.208,0,0,0,0,0,0,0,0,0,0,0,0
17.269,59.723,17.165,61.91,17.274,61.363,15.503,116.038,15.301,116.038,15.457,115.491,15.182,186.021,15.156,192.582,15.309,188.755,0,0,0,0,0,0,0,0,0,0,0,0
17.32,59.723,17.215,61.91,17.324,61.363,15.553,116.584,15.351,116.038,15.507,115.491,15.232,186.568,15.206,193.675,15.359,189.301,0,0,0,0,0,0,0,0,0,0,0,0
17.369,60.27,17.265,61.91,17.374,61.363,15.603,116.584,15.401,116.584,15.557,116.038,15.282,187.114,15.257,194.222,15.409,189.848,0,0,0,0,0,0,0,0,0,0,0,0
17.422,60.27,17.315,62.457,17.424,61.91,15.653,117.131,15.451,117.131,15.607,116.584,15.332,187.661,15.306,194.769,15.46,190.395,0,0,0,0,0,0,0,0,0,0,0,0
17.469,60.27,17.365,62.457,17.475,61.91,15.703,117.131,15.501,117.131,15.657,116.584,15.382,188.755,15.356,195.316,15.509,190.942,0,0,0,0,0,0,0,0,0,0,0,0
17.519,60.27,17.415,62.457,17.524,61.91,15.753,117.678,15.551,117.678,15.707,117.131,15.432,189.301,15.407,195.862,15.559,191.488,0,0,0,0,0,0,0,0,0,0,0,0
17.569,60.817,17.465,62.457,17.574,62.457,15.803,118.225,15.601,118.225,15.757,117.678,15.483,189.848,15.456,196.409,15.609,192.582,0,0,0,0,0,0,0,0,0,0,0,0
17.619,60.817,17.515,63.004,17.624,62.457,15.853,118.225,15.651,118.225,15.807,117.678,15.532,190.395,15.506,196.956,15.66,193.129,0,0,0,0,0,0,0,0,0,0,0,0
17.669,60.817,17.565,63.004,17.674,62.457,15.903,118.771,15.701,118.771,15.857,118.225,15.582,190.942,15.556,197.502,15.709,193.675,0,0,0,0,0,0,0,0,0,0,0,0
17.719,61.363,17.615,63.004,17.724,62.457,15.953,119.318,15.751,119.318,15.907,118.225,15.632,191.488,15.606,198.596,15.759,194.222,0,0,0,0,0,0,0,0,0,0,0,0
17.769,61.363,17.665,63.55,17.774,63.004,16.003,119.318,15.801,119.318,15.957,118.771,15.682,192.035,15.656,199.143,15.809,194.769,0,0,0,0,0,0,0,0,0,0,0,0
17.819,61.363,17.715,63.55,17.824,63.004,16.053,119.865,15.851,119.865,16.007,118.771,15.732,192.582,15.706,199.689,15.859,195.316,0,0,0,0,0,0,0,0,0,0,0,0
17.869,61.363,17.765,63.55,17.874,63.004,16.103,119.865,15.901,120.412,16.057,119.318,15.782,193.129,15.756,200.236,15.909,195.862,0,0,0,0,0,0,0,0,0,0,0,0
17.919,61.91,17.815,63.55,17.924,63.55,16.154,120.412,15.951,120.412,16.107,119.865,15.832,193.675,15.806,200.783,15.959,196.409,0,0,0,0,0,0,0,0,0,0,0,0
17.969,61.91,17.865,64.097,17.974,63.55,16.203,120.958,16.001,120.958,16.157,120.412,15.882,194.222,15.856,201.33,16.009,196.956,0,0,0,0,0,0,0,0,0,0,0,0
18.019,61.91,17.915,64.097,18.024,63.55,16.253,120.958,16.051,120.958,16.207,120.412,15.932,194.769,15.906,201.876,16.059,197.502,0,0,0,0,0,0,0,0,0,0,0,0
18.069,61.91,17.965,64.097,18.074,64.097,16.303,121.505,16.101,121.505,16.257,120.958,15.982,195.316,15.956,202.423,16.109,198.049,0,0,0,0,0,0,0,0,0,0,0,0
18.119,62.457,18.015,64.644,18.124,64.097,16.353,122.052,16.151,122.052,16.307,120.958,16.032,196.409,16.006,202.97,16.159,198.596,0,0,0,0,0,0,0,0,0,0,0,0
18.169,62.457,18.065,64.644,18.174,64.097,16.403,122.052,16.201,122.052,16.357,121.505,16.082,196.956,16.056,204.063,16.209,199.689,0,0,0,0,0,0,0,0,0,0,0,0
18.219,62.457,18.115,64.644,18.224,64.097,16.454,122.599,16.251,122.599,16.408,122.052,16.132,197.502,16.106,204.61,16.259,200.236,0,0,0,0,0,0,0,0,0,0,0,0
18.269,63.004,18.165,65.191,18.274,64.644,16.503,122.599,16.301,123.145,16.457,122.052,16.182,198.049,16.156,205.157,16.309,200.783,0,0,0,0,0,0,0,0,0,0,0,0
18.319,63.004,18.215,65.191,18.324,64.644,16.553,123.145,16.351,123.145,16.507,122.599,16.232,198.596,16.206,205.704,16.359,201.33,0,0,0,0,0,0,0,0,0,0,0,0
18.369,63.004,18.265,65.191,18.374,64.644,16.603,123.145,16.401,123.692,16.557,122.599,16.282,199.143,16.256,206.25,16.409,201.876,0,0,0,0,0,0,0,0,0,0,0,0
18.419,63.55,18.315,65.191,18.425,65.191,16.653,123.692,16.451,124.239,16.607,123.145,16.332,199.689,16.306,206.797,16.459,202.423,0,0,0,0,0,0,0,0,0,0,0,0
18.469,63.55,18.365,65.737,18.474,65.191,16.703,124.239,16.501,124.239,16.657,123.692,16.382,200.236,16.356,207.344,16.509,202.97,0,0,0,0,0,0,0,0,0,0,0,0
18.519,63.55,18.415,65.737,18.524,65.191,16.753,124.786,16.551,124.786,16.707,123.692,16.433,200.783,16.406,208.437,16.559,203.517,0,0,0,0,0,0,0,0,0,0,0,0
18.569,63.55,18.465,65.737,18.574,65.737,16.803,124.786,16.601,125.332,16.757,124.239,16.482,201.33,16.456,208.984,16.609,204.063,0,0,0,0,0,0,0,0,0,0,0,0
18.62,64.097,18.515,66.284,18.624,65.737,16.853,125.332,16.651,125.332,16.807,124.786,16.532,201.876,16.506,209.531,16.659,204.61,0,0,0,0,0,0,0,0,0,0,0,0
18.669,64.097,18.565,66.284,18.674,65.737,16.903,125.879,16.703,125.879,16.857,124.786,16.582,202.423,16.556,210.078,16.709,205.157,0,0,0,0,0,0,0,0,0,0,0,0
18.719,64.097,18.615,66.284,18.724,65.737,16.953,125.879,16.751,125.879,16.907,125.332,16.632,202.97,16.606,210.624,16.759,206.25,0,0,0,0,0,0,0,0,0,0,0,0
18.769,64.644,18.666,66.831,18.775,66.284,17.003,126.426,16.801,126.426,16.957,125.332,16.682,204.063,16.656,211.171,16.809,206.797,0,0,0,0,0,0,0,0,0,0,0,0
18.82,64.644,18.715,66.831,18.824,66.284,17.053,126.426,16.851,126.973,17.007,125.879,16.732,204.61,16.706,211.718,16.859,207.344,0,0,0,0,0,0,0,0,0,0,0,0
18.869,64.644,18.765,66.831,18.874,66.284,17.103,126.973,16.901,126.973,17.057,126.426,16.782,205.157,16.756,212.265,16.909,207.891,0,0,0,0,0,0,0,0,0,0,0,0
18.919,65.191,18.815,66.831,18.924,66.831,17.153,127.519,16.951,127.519,17.107,126.426,16.832,205.704,16.806,212.811,16.959,208.437,0,0,0,0,0,0,0,0,0,0,0,0
18.969,65.191,18.865,67.378,18.974,66.831,17.203,127.519,17.001,128.066,17.157,126.973,16.882,206.25,16.856,213.358,17.009,208.984,0,0,0,0,0,0,0,0,0,0,0,0
19.019,65.191,18.915,67.378,19.024,66.831,17.253,128.066,17.051,128.066,17.207,127.519,16.933,206.797,16.906,214.452,17.059,209.531,0,0,0,0,0,0,0,0,0,0,0,0
19.069,65.191,18.965,67.378,19.075,66.831,17.303,128.066,17.102,128.613,17.257,127.519,16.982,207.344,16.956,214.998,17.109,210.078,0,0,0,0,0,0,0,0,0,0,0,0
19.119,65.737,19.015,67.924,19.124,67.378,17.353,128.613,17.151,128.613,17.307,128.066,17.032,207.891,17.006,215.545,17.159,210.624,0,0,0,0,0,0,0,0,0,0,0,0
19.169,65.737,19.065,67.924,19.174,67.378,17.403,129.16,17.201,129.16,17.357,128.066,17.082,208.437,17.056,216.092,17.209,211.171,0,0,0,0,0,0,0,0,0,0,0,0
19.22,65.737,19.115,67.924,19.224,67.378,17.453,129.706,17.251,129.706,17.407,128.613,17.132,208.984,17.106,216.638,17.259,211.718,0,0,0,0,0,0,0,0,0,0,0,0
19.269,65.737,19.165,67.924,19.274,67.924,17.504,129.706,17.301,129.706,17.457,129.16,17.183,209.531,17.156,217.185,17.309,212.265,0,0,0,0,0,0,0,0,0,0,0,0
19.319,66.284,19.215,68.471,19.324,67.924,17.553,130.253,17.351,130.253,17.507,129.16,17.232,210.078,17.206,217.732,17.359,213.358,0,0,0,0,0,0,0,0,0,0,0,0
19.369,66.284,19.265,68.471,19.374,67.924,17.603,130.253,17.401,130.8,17.557,129.706,17.282,210.624,17.256,218.279,17.409,213.905,0,0,0,0,0,0,0,0,0,0,0,0
19.419,66.284,19.315,68.471,19.424,67.924,17.653,130.8,17.451,130.8,17.607,130.253,17.332,211.171,17.306,218.825,17.459,214.452,0,0,0,0,0,0,0,0,0,0,0,0
19.469,66.831,19.365,69.018,19.474,68.471,17.703,131.347,17.501,131.347,17.657,130.253,17.382,211.718,17.356,219.372,17.509,214.998,0,0,0,0,0,0,0,0,0,0,0,0
19.519,66.831,19.415,69.018,19.524,68.471,17.753,131.347,17.551,131.893,17.707,130.8,17.432,212.265,17.406,220.466,17.559,215.545,0,0,0,0,0,0,0,0,0,0,0,0
19.569,66.831,19.465,69.018,19.574,68.471,17.803,131.893,17.601,131.893,17.757,131.347,17.482,213.358,17.456,221.012,17.609,216.092,0,0,0,0,0,0,0,0,0,0,0,0
19.619,66.831,19.515,69.018,19.624,69.018,17.853,132.44,17.651,132.44,17.807,131.347,17.532,213.905,17.506,221.559,17.659,216.638,0,0,0,0,0,0,0,0,0,0,0,0
19.669,67.378,19.565,69.564,19.674,69.018,17.903,132.44,17.704,132.987,17.857,131.893,17.582,213.905,17.557,222.106,17.709,217.185,0,0,0,0,0,0,0,0,0,0,0,0
19.719,67.378,19.615,69.564,19.724,69.018,17.953,132.987,17.751,132.987,17.908,132.44,17.632,214.998,17.606,222.653,17.759,217.732,0,0,0,0,0,0,0,0,0,0,0,0
19.769,67.378,19.665,69.564,19.774,69.564,18.003,132.987,17.801,133.533,17.957,132.44,17.683,215.545,17.656,223.199,17.809,218.279,0,0,0,0,0,0,0,0,0,0,0,0
19.819,67.924,19.715,70.111,19.824,69.564,18.053,133.533,17.851,133.533,18.007,132.987,17.732,216.092,17.706,223.746,17.859,219.372,0,0,0,0,0,0,0,0,0,0,0,0
19.869,67.924,19.765,70.111,19.874,69.564,18.103,134.08,17.901,134.08,18.057,132.987,17.782,216.638,17.756,224.293,17.909,219.372,0,0,0,0,0,0,0,0,0,0,0,0
19.919,67.924,19.815,70.111,19.924,70.111,18.153,134.08,17.951,134.627,18.107,133.533,17.832,217.185,17.806,224.84,17.959,220.466,0,0,0,0,0,0,0,0,0,0,0,0
19.969,68.471,19.865,70.658,19.974,70.111,18.203,134.627,18.001,134.627,18.157,134.08,17.883,217.732,17.856,225.933,18.009,221.012,0,0,0,0,0,0,0,0,0,0,0,0
20.019,68.471,19.915,70.658,20.024,70.111,18.253,135.174,18.051,135.174,18.207,134.08,17.932,218.279,17.906,226.48,18.059,221.559,0,0,0,0,0,0,0,0,0,0,0,0
20.07,68.471,19.966,70.658,20.074,70.111,18.303,135.174,18.101,135.174,18.257,134.627,17.982,219.372,17.956,227.027,18.109,222.106,0,0,0,0,0,0,0,0,0,0,0,0
20.119,68.471,20.015,70.658,20.124,70.658,18.353,135.72,18.151,135.72,18.307,134.627,18.032,219.372,18.006,227.573,18.159,222.653,0,0,0,0,0,0,0,0,0,0,0,0
20.169,69.018,20.065,71.205,20.174,70.658,18.403,135.72,18.201,136.267,18.357,135.174,18.082,219.919,18.056,228.12,18.209,223.199,0,0,0,0,0,0,0,0,0,0,0,0
20.219,69.018,20.115,71.205,20.224,70.658,18.453,136.267,18.251,136.267,18.407,135.72,18.132,220.466,18.106,228.667,18.259,223.746,0,0,0,0,0,0,0,0,0,0,0,0
20.269,69.018,20.165,71.205,20.274,71.205,18.503,136.814,18.301,136.814,18.457,136.267,18.182,221.559,18.156,229.214,18.309,224.293,0,0,0,0,0,0,0,0,0,0,0,0
20.319,69.018,20.215,71.751,20.324,71.205,18.553,136.814,18.352,137.361,18.507,136.267,18.232,222.106,18.206,229.76,18.359,224.84,0,0,0,0,0,0,0,0,0,0,0,0
20.369,69.564,20.265,71.751,20.374,71.205,18.603,137.361,18.401,137.361,18.557,136.814,18.282,222.106,18.256,230.307,18.409,225.386,0,0,0,0,0,0,0,0,0,0,0,0
20.419,69.564,20.315,71.751,20.424,71.205,18.653,137.907,18.451,137.907,18.608,136.814,18.332,223.199,18.306,230.854,18.459,225.933,0,0,0,0,0,0,0,0,0,0,0,0
20.469,69.564,20.365,71.751,20.474,71.751,18.703,137.907,18.501,138.454,18.657,137.361,18.382,223.746,18.356,231.401,18.509,226.48,0,0,0,0,0,0,0,0,0,0,0,0
20.519,70.111,20.415,72.298,20.524,71.751,18.753,138.454,18.551,138.454,18.707,137.907,18.432,224.293,18.406,232.494,18.559,227.027,0,0,0,0,0,0,0,0,0,0,0,0
20.569,70.111,20.465,72.298,20.574,71.751,18.803,139.001,18.601,139.001,18.757,137.907,18.482,224.84,18.456,233.041,18.609,228.12,0,0,0,0,0,0,0,0,0,0,0,0
20.619,70.111,20.515,72.298,20.624,72.298,18.853,139.001,18.651,139.001,18.807,138.454,18.532,225.386,18.506,233.588,18.659,228.667,0,0,0,0,0,0,0,0,0,0,0,0
20.669,70.111,20.565,72.298,20.674,72.298,18.903,139.548,18.701,139.548,18.857,139.001,18.582,225.933,18.556,234.134,18.709,229.214,0,0,0,0,0,0,0,0,0,0,0,0
20.719,70.658,20.615,72.845,20.724,72.298,18.953,139.548,18.751,140.094,18.907,139.001,18.632,226.48,18.606,234.681,18.759,229.76,0,0,0,0,0,0,0,0,0,0,0,0
20.769,70.658,20.665,72.845,20.774,72.845,19.003,140.094,18.801,140.094,18.957,139.548,18.682,227.027,18.656,235.228,18.809,230.307,0,0,0,0,0,0,0,0,0,0,0,0
20.819,70.658,20.715,72.845,20.824,72.845,19.053,140.094,18.851,140.641,19.007,139.548,18.732,227.573,18.706,235.775,18.859,230.854,0,0,0,0,0,0,0,0,0,0,0,0
20.869,71.205,20.765,73.392,20.874,72.845,19.103,140.641,18.901,141.188,19.057,140.094,18.782,228.12,18.756,236.321,18.909,231.401,0,0,0,0,0,0,0,0,0,0,0,0
20.919,71.205,20.815,73.392,20.924,72.845,19.153,141.188,18.951,141.188,19.107,140.641,18.832,228.667,18.806,237.415,18.959,231.947,0,0,0,0,0,0,0,0,0,0,0,0
20.969,71.205,20.865,73.392,20.974,73.392,19.203,141.188,19.001,141.735,19.157,140.641,18.882,229.214,18.856,237.962,19.009,232.494,0,0,0,0,0,0,0,0,0,0,0,0
21.019,71.205,20.915,73.938,21.024,73.392,19.253,141.735,19.051,141.735,19.207,141.188,18.932,229.76,18.906,238.508,19.059,233.041,0,0,0,0,0,0,0,0,0,0,0,0
21.069,71.751,20.965,73.938,21.074,73.392,19.303,142.281,19.101,142.281,19.257,141.735,18.982,230.307,18.956,239.055,19.109,233.588,0,0,0,0,0,0,0,0,0,0,0,0
21.119,71.751,21.015,73.938,21.124,73.938,19.353,142.281,19.151,142.828,19.307,141.735,19.032,231.401,19.006,239.602,19.159,234.134,0,0,0,0,0,0,0,0,0,0,0,0
21.169,71.751,21.065,74.485,21.174,73.938,19.403,142.828,19.201,142.828,19.357,142.281,19.082,231.947,19.056,240.148,19.209,234.681,0,0,0,0,0,0,0,0,0,0,0,0
21.219,72.298,21.115,74.485,21.224,73.938,19.453,142.828,19.251,143.375,19.407,142.281,19.132,232.494,19.106,240.695,19.259,235.775,0,0,0,0,0,0,0,0,0,0,0,0
21.269,72.298,21.165,74.485,21.274,74.485,19.503,143.375,19.301,143.375,19.457,142.828,19.182,233.041,19.156,241.242,19.309,236.321,0,0,0,0,0,0,0,0,0,0,0,0
21.319,72.298,21.215,74.485,21.324,74.485,19.553,143.375,19.351,143.922,19.507,143.375,19.232,233.588,19.206,241.789,19.359,236.868,0,0,0,0,0,0,0,0,0,0,0,0
21.369,72.298,21.265,75.032,21.374,74.485,19.603,143.922,19.401,144.468,19.557,143.375,19.282,234.134,19.256,242.335,19.409,237.415,0,0,0,0,0,0,0,0,0,0,0,0
21.419,72.298,21.315,75.032,21.424,74.485,19.653,144.468,19.451,144.468,19.607,143.922,19.332,234.681,19.306,243.429,19.459,237.962,0,0,0,0,0,0,0,0,0,0,0,0
21.469,72.845,21.365,75.032,21.474,75.032,19.703,144.468,19.501,145.015,19.658,144.468,19.382,235.228,19.357,243.429,19.509,238.508,0,0,0,0,0,0,0,0,0,0,0,0
21.519,72.845,21.415,75.032,21.524,75.032,19.753,145.015,19.551,145.562,19.707,144.468,19.432,235.775,19.406,243.976,19.56,239.055,0,0,0,0,0,0,0,0,0,0,0,0
21.569,72.845,21.465,75.579,21.574,75.032,19.803,145.562,19.601,145.562,19.757,145.015,19.482,236.321,19.456,245.069,19.609,239.602,0,0,0,0,0,0,0,0,0,0,0,0
21.619,73.392,21.515,75.579,21.624,75.579,19.853,145.562,19.651,146.109,19.807,145.562,19.532,236.868,19.506,245.616,19.659,240.695,0,0,0,0,0,0,0,0,0,0,0,0
21.669,73.392,21.565,76.125,21.674,75.579,19.903,146.109,19.701,146.655,19.857,145.562,19.582,237.415,19.556,246.163,19.709,240.695,0,0,0,0,0,0,0,0,0,0,0,0
21.719,73.392,21.615,76.125,21.724,75.579,19.953,146.655,19.751,146.655,19.907,146.109,19.632,238.508,19.606,246.709,19.759,241.789,0,0,0,0,0,0,0,0,0,0,0,0
21.769,73.938,21.665,76.125,21.774,75.579,20.003,146.655,19.801,147.202,19.958,146.109,19.682,239.055,19.656,247.256,19.809,242.335,0,0,0,0,0,0,0,0,0,0,0,0
21.819,73.938,21.715,76.125,21.824,76.125,20.053,147.202,19.851,147.749,20.007,146.655,19.732,239.602,19.706,247.803,19.859,242.882,0,0,0,0,0,0,0,0,0,0,0,0
21.869,73.938,21.765,76.672,21.874,76.125,20.103,147.202,19.901,147.749,20.057,147.202,19.782,240.148,19.756,248.35,19.91,243.429,0,0,0,0,0,0,0,0,0,0,0,0
21.919,74.485,21.815,76.672,21.924,76.125,20.153,147.749,19.951,148.296,20.107,147.202,19.832,240.695,19.806,249.443,19.959,243.976,0,0,0,0,0,0,0,0,0,0,0,0
21.969,74.485,21.865,76.672,21.974,76.672,20.203,148.296,20.001,148.296,20.157,147.749,19.882,241.242,19.856,249.99,20.009,244.522,0,0,0,0,0,0,0,0,0,0,0,0
22.019,74.485,21.915,76.672,22.024,76.672,20.253,148.296,20.051,148.842,20.207,148.296,19.932,241.789,19.906,250.537,20.059,245.069,0,0,0,0,0,0,0,0,0,0,0,0
22.069,74.485,21.965,77.219,22.074,76.672,20.304,148.842,20.101,149.389,20.257,148.296,19.982,242.335,19.956,251.083,20.109,245.616,0,0,0,0,0,0,0,0,0,0,0,0
22.119,74.485,22.015,77.219,22.124,76.672,20.353,149.389,20.151,149.389,20.307,148.842,20.032,242.882,20.006,251.63,20.159,246.163,0,0,0,0,0,0,0,0,0,0,0,0
22.169,75.032,22.066,77.219,22.175,77.219,20.403,149.389,20.201,149.936,20.357,149.389,20.082,243.429,20.056,252.177,20.209,246.709,0,0,0,0,0,0,0,0,0,0,0,0
22.219,75.032,22.115,77.766,22.224,77.219,20.453,149.936,20.251,149.936,20.407,149.389,20.132,243.976,20.106,252.724,20.259,247.256,0,0,0,0,0,0,0,0,0,0,0,0
22.269,75.579,22.165,77.766,22.274,77.219,20.503,149.936,20.301,150.483,20.457,149.936,20.182,244.522,20.156,253.27,20.309,248.35,0,0,0,0,0,0,0,0,0,0,0,0
22.319,75.579,22.215,77.766,22.324,77.766,20.553,150.483,20.351,151.029,20.507,149.936,20.232,245.069,20.206,253.817,20.36,248.896,0,0,0,0,0,0,0,0,0,0,0,0
22.369,75.579,22.265,77.766,22.374,77.766,20.603,151.029,20.401,151.029,20.557,150.483,20.282,245.616,20.256,254.364,20.409,249.443,0,0,0,0,0,0,0,0,0,0,0,0
22.419,75.579,22.315,78.312,22.424,77.766,20.654,151.029,20.451,151.576,20.607,151.029,20.332,246.163,20.306,254.364,20.459,249.99,0,0,0,0,0,0,0,0,0,0,0,0
22.469,76.125,22.365,78.312,22.474,78.312,20.704,151.576,20.501,152.123,20.657,151.029,20.382,246.709,20.356,254.911,20.509,250.537,0,0,0,0,0,0,0,0,0,0,0,0
22.519,76.125,22.415,78.312,22.524,78.312,20.753,152.123,20.551,152.123,20.707,151.576,20.432,247.256,20.406,254.911,20.559,251.083,0,0,0,0,0,0,0,0,0,0,0,0
22.569,76.125,22.465,78.859,22.574,78.312,20.803,152.123,20.601,152.67,20.757,151.576,20.482,247.803,20.456,255.457,20.609,251.63,0,0,0,0,0,0,0,0,0,0,0,0
22.619,76.672,22.515,78.859,22.624,78.312,20.854,152.67,20.651,153.216,20.807,152.123,20.532,248.896,0,0,20.659,252.177,0,0,0,0,0,0,0,0,0,0,0,0
22.669,76.672,22.565,78.859,22.674,78.859,20.903,152.67,20.701,153.216,20.857,152.67,20.582,249.443,0,0,20.709,252.724,0,0,0,0,0,0,0,0,0,0,0,0
22.719,76.672,22.615,78.859,22.724,78.859,20.953,153.216,20.751,153.763,20.907,152.67,20.632,249.99,0,0,20.759,253.27,0,0,0,0,0,0,0,0,0,0,0,0
22.769,76.672,22.665,79.406,22.774,78.859,21.004,153.763,20.801,153.763,20.957,153.216,20.682,250.537,0,0,20.809,253.817,0,0,0,0,0,0,0,0,0,0,0,0
22.819,76.672,22.715,79.406,22.824,79.406,21.053,153.763,20.851,154.31,21.007,153.216,20.732,251.083,0,0,20.859,254.364,0,0,0,0,0,0,0,0,0,0,0,0
22.869,77.219,22.765,79.406,22.874,79.406,21.103,154.31,20.901,154.856,21.057,153.763,20.782,251.63,0,0,20.909,254.364,0,0,0,0,0,0,0,0,0,0,0,0
22.919,77.219,22.815,79.953,22.924,79.406,21.153,154.31,20.951,154.856,21.107,154.31,20.832,252.177,0,0,20.959,254.911,0,0,0,0,0,0,0,0,0,0,0,0
22.969,77.219,22.865,79.953,22.974,79.406,21.203,154.856,21.001,155.403,21.157,154.31,20.882,252.724,0,0,21.009,254.911,0,0,0,0,0,0,0,0,0,0,0,0
23.019,77.766,22.915,79.953,23.024,79.953,21.253,155.403,21.051,155.95,21.207,154.856,20.932,253.27,0,0,21.059,255.457,0,0,0,0,0,0,0,0,0,0,0,0
23.069,77.766,22.965,80.499,23.075,79.953,21.303,155.403,21.101,155.95,21.257,155.403,20.982,253.817,0,0,0,0,0,0,0,0,0,0,0,0,0,0,0,0
23.119,77.766,23.015,80.499,23.124,79.953,21.353,155.95,21.151,156.497,21.307,155.403,21.032,254.364,0,0,0,0,0,0,0,0,0,0,0,0,0,0,0,0
23.169,77.766,23.065,80.499,23.174,80.499,21.403,155.95,21.201,157.043,21.357,155.95,21.082,254.911,0,0,0,0,0,0,0,0,0,0,0,0,0,0,0,0
23.219,78.312,23.116,80.499,23.225,80.499,21.453,156.497,21.251,157.043,21.407,155.95,21.132,254.911,0,0,0,0,0,0,0,0,0,0,0,0,0,0,0,0
23.269,78.312,23.165,81.046,23.274,80.499,21.503,157.043,21.301,157.59,21.457,156.497,0,0,0,0,0,0,0,0,0,0,0,0,0,0,0,0,0,0
23.319,78.859,23.215,81.046,23.324,81.046,21.553,157.043,21.351,157.59,21.507,156.497,0,0,0,0,0,0,0,0,0,0,0,0,0,0,0,0,0,0
23.369,78.859,23.265,81.046,23.374,81.046,21.603,157.59,21.401,158.137,21.557,157.043,0,0,0,0,0,0,0,0,0,0,0,0,0,0,0,0,0,0
23.419,78.859,23.315,81.593,23.424,81.046,21.653,158.137,21.451,158.684,21.607,157.59,0,0,0,0,0,0,0,0,0,0,0,0,0,0,0,0,0,0
23.469,78.859,23.365,81.593,23.474,81.046,21.703,158.137,21.501,158.684,21.657,158.137,0,0,0,0,0,0,0,0,0,0,0,0,0,0,0,0,0,0
23.519,79.406,23.415,81.593,23.524,81.593,21.754,158.684,21.551,159.23,21.707,158.137,0,0,0,0,0,0,0,0,0,0,0,0,0,0,0,0,0,0
23.569,79.406,23.465,81.593,23.574,81.593,21.803,159.23,21.601,159.23,21.757,158.684,0,0,0,0,0,0,0,0,0,0,0,0,0,0,0,0,0,0
23.619,79.406,23.515,82.14,23.624,81.593,21.853,159.23,21.651,159.777,21.807,158.684,0,0,0,0,0,0,0,0,0,0,0,0,0,0,0,0,0,0
23.669,79.406,23.565,82.14,23.674,82.14,21.903,159.777,21.701,160.324,21.857,159.23,0,0,0,0,0,0,0,0,0,0,0,0,0,0,0,0,0,0
23.719,79.953,23.615,82.14,23.724,82.14,21.953,159.777,21.751,160.324,21.907,159.777,0,0,0,0,0,0,0,0,0,0,0,0,0,0,0,0,0,0
23.769,79.953,23.665,82.686,23.774,82.14,22.003,160.324,21.801,160.871,21.957,159.777,0,0,0,0,0,0,0,0,0,0,0,0,0,0,0,0,0,0
23.819,79.953,23.715,82.686,23.824,82.686,22.053,160.871,21.851,160.871,22.007,160.324,0,0,0,0,0,0,0,0,0,0,0,0,0,0,0,0,0,0
23.869,79.953,23.765,82.686,23.874,82.686,22.103,160.871,21.901,161.417,22.057,160.324,0,0,0,0,0,0,0,0,0,0,0,0,0,0,0,0,0,0
23.919,80.499,23.815,83.233,23.924,82.686,22.153,161.417,21.951,161.964,22.107,160.871,0,0,0,0,0,0,0,0,0,0,0,0,0,0,0,0,0,0
23.969,80.499,23.865,83.233,23.974,82.686,22.203,161.964,22.001,162.511,22.157,161.417,0,0,0,0,0,0,0,0,0,0,0,0,0,0,0,0,0,0
24.019,80.499,23.915,83.233,24.024,83.233,22.253,161.964,22.051,162.511,22.207,161.417,0,0,0,0,0,0,0,0,0,0,0,0,0,0,0,0,0,0
24.07,81.046,23.965,83.233,24.074,83.233,22.303,162.511,22.101,163.058,22.257,161.964,0,0,0,0,0,0,0,0,0,0,0,0,0,0,0,0,0,0
24.119,81.046,24.015,83.78,24.124,83.233,22.353,162.511,22.151,163.058,22.308,161.964,0,0,0,0,0,0,0,0,0,0,0,0,0,0,0,0,0,0
24.169,81.046,24.065,83.78,24.174,83.78,22.403,163.058,22.201,163.604,22.357,162.511,0,0,0,0,0,0,0,0,0,0,0,0,0,0,0,0,0,0
24.219,81.593,24.115,83.78,24.224,83.78,22.453,163.604,22.251,164.151,22.407,163.058,0,0,0,0,0,0,0,0,0,0,0,0,0,0,0,0,0,0
24.269,81.593,24.165,83.78,24.274,83.78,22.503,163.604,22.301,164.151,22.457,163.058,0,0,0,0,0,0,0,0,0,0,0,0,0,0,0,0,0,0
24.319,81.593,24.215,84.327,24.324,84.327,22.553,164.151,22.351,164.698,22.508,163.604,0,0,0,0,0,0,0,0,0,0,0,0,0,0,0,0,0,0
24.37,82.14,24.265,84.327,24.374,84.327,22.603,164.698,22.401,165.245,22.557,164.151,0,0,0,0,0,0,0,0,0,0,0,0,0,0,0,0,0,0
24.419,82.14,24.315,84.327,24.424,84.327,22.653,164.698,22.451,165.245,22.607,164.151,0,0,0,0,0,0,0,0,0,0,0,0,0,0,0,0,0,0
24.469,82.14,24.365,84.873,24.474,84.327,22.703,165.245,22.501,165.791,22.657,164.698,0,0,0,0,0,0,0,0,0,0,0,0,0,0,0,0,0,0
24.519,82.14,24.415,84.873,24.524,84.873,22.753,165.245,22.551,166.338,22.707,165.245,0,0,0,0,0,0,0,0,0,0,0,0,0,0,0,0,0,0
24.569,82.686,24.465,84.873,24.574,84.873,22.803,165.791,22.601,166.338,22.757,165.245,0,0,0,0,0,0,0,0,0,0,0,0,0,0,0,0,0,0
24.619,82.686,24.516,85.42,24.624,84.873,22.853,166.338,22.651,166.885,22.807,165.791,0,0,0,0,0,0,0,0,0,0,0,0,0,0,0,0,0,0
24.669,82.686,24.565,85.42,24.674,85.42,22.903,166.338,22.701,166.885,22.857,165.791,0,0,0,0,0,0,0,0,0,0,0,0,0,0,0,0,0,0
24.719,82.686,24.615,85.42,24.724,85.42,22.953,166.885,22.751,167.432,22.907,166.338,0,0,0,0,0,0,0,0,0,0,0,0,0,0,0,0,0,0
24.769,83.233,24.665,85.42,24.774,85.42,23.004,167.432,22.801,167.978,22.957,166.885,0,0,0,0,0,0,0,0,0,0,0,0,0,0,0,0,0,0
24.819,83.233,24.715,85.967,24.824,85.42,23.053,167.432,22.851,168.525,23.007,166.885,0,0,0,0,0,0,0,0,0,0,0,0,0,0,0,0,0,0
24.869,83.233,24.765,85.967,24.874,85.967,23.103,167.978,22.901,168.525,23.057,167.432,0,0,0,0,0,0,0,0,0,0,0,0,0,0,0,0,0,0
24.919,83.233,24.815,85.967,24.924,85.967,23.153,167.978,22.951,169.072,23.107,167.978,0,0,0,0,0,0,0,0,0,0,0,0,0,0,0,0,0,0
24.969,83.78,24.865,86.514,24.974,85.967,23.203,168.525,23.001,169.072,23.157,167.978,0,0,0,0,0,0,0,0,0,0,0,0,0,0,0,0,0,0
25.019,83.78,24.915,86.514,0,0,23.253,169.072,23.051,169.619,23.207,168.525,0,0,0,0,0,0,0,0,0,0,0,0,0,0,0,0,0,0
0,0,24.965,86.514,0,0,23.303,169.072,23.101,169.619,23.257,168.525,0,0,0,0,0,0,0,0,0,0,0,0,0,0,0,0,0,0
0,0,25.015,87.06,0,0,23.353,169.619,23.151,170.165,23.308,169.072,0,0,0,0,0,0,0,0,0,0,0,0,0,0,0,0,0,0
0,0,25.065,87.06,0,0,23.403,170.165,23.201,170.712,23.357,169.619,0,0,0,0,0,0,0,0,0,0,0,0,0,0,0,0,0,0
0,0,25.115,87.06,0,0,23.453,170.165,23.251,170.712,23.407,169.619,0,0,0,0,0,0,0,0,0,0,0,0,0,0,0,0,0,0
0,0,25.165,87.06,0,0,23.503,170.712,23.301,171.259,23.457,170.165,0,0,0,0,0,0,0,0,0,0,0,0,0,0,0,0,0,0
0,0,25.215,87.607,0,0,23.553,171.259,23.351,171.806,23.507,170.712,0,0,0,0,0,0,0,0,0,0,0,0,0,0,0,0,0,0
0,0,25.265,87.607,0,0,23.603,171.259,23.401,171.806,23.557,170.712,0,0,0,0,0,0,0,0,0,0,0,0,0,0,0,0,0,0
0,0,0,0,0,0,23.653,171.806,23.451,172.352,23.607,171.259,0,0,0,0,0,0,0,0,0,0,0,0,0,0,0,0,0,0
0,0,0,0,0,0,23.703,171.806,23.501,172.899,23.657,171.806,0,0,0,0,0,0,0,0,0,0,0,0,0,0,0,0,0,0
0,0,0,0,0,0,23.754,172.352,23.551,172.899,23.707,171.806,0,0,0,0,0,0,0,0,0,0,0,0,0,0,0,0,0,0
0,0,0,0,0,0,23.803,172.899,23.601,173.446,23.757,172.352,0,0,0,0,0,0,0,0,0,0,0,0,0,0,0,0,0,0
0,0,0,0,0,0,23.853,172.899,23.651,173.446,23.807,172.352,0,0,0,0,0,0,0,0,0,0,0,0,0,0,0,0,0,0
0,0,0,0,0,0,23.903,173.446,23.702,173.992,23.857,172.899,0,0,0,0,0,0,0,0,0,0,0,0,0,0,0,0,0,0
0,0,0,0,0,0,23.953,173.446,23.751,174.539,23.907,173.446,0,0,0,0,0,0,0,0,0,0,0,0,0,0,0,0,0,0
0,0,0,0,0,0,24.003,173.992,23.801,174.539,23.957,173.446,0,0,0,0,0,0,0,0,0,0,0,0,0,0,0,0,0,0
0,0,0,0,0,0,24.053,174.539,23.851,175.086,24.007,173.992,0,0,0,0,0,0,0,0,0,0,0,0,0,0,0,0,0,0
0,0,0,0,0,0,24.103,174.539,23.901,175.633,24.057,174.539,0,0,0,0,0,0,0,0,0,0,0,0,0,0,0,0,0,0
0,0,0,0,0,0,24.153,175.086,23.951,175.633,24.107,174.539,0,0,0,0,0,0,0,0,0,0,0,0,0,0,0,0,0,0
0,0,0,0,0,0,24.203,175.633,24.001,176.179,24.157,175.086,0,0,0,0,0,0,0,0,0,0,0,0,0,0,0,0,0,0
0,0,0,0,0,0,24.253,175.633,24.051,176.726,24.207,175.086,0,0,0,0,0,0,0,0,0,0,0,0,0,0,0,0,0,0
0,0,0,0,0,0,24.303,176.179,24.101,176.726,24.257,175.633,0,0,0,0,0,0,0,0,0,0,0,0,0,0,0,0,0,0
0,0,0,0,0,0,24.353,176.726,24.151,177.273,24.307,176.179,0,0,0,0,0,0,0,0,0,0,0,0,0,0,0,0,0,0
0,0,0,0,0,0,24.403,176.726,24.201,177.273,24.358,176.179,0,0,0,0,0,0,0,0,0,0,0,0,0,0,0,0,0,0
0,0,0,0,0,0,24.453,177.273,24.251,177.82,24.407,176.726,0,0,0,0,0,0,0,0,0,0,0,0,0,0,0,0,0,0
0,0,0,0,0,0,24.503,177.273,24.301,178.366,24.457,177.273,0,0,0,0,0,0,0,0,0,0,0,0,0,0,0,0,0,0
0,0,0,0,0,0,24.553,177.82,24.351,178.366,24.508,177.273,0,0,0,0,0,0,0,0,0,0,0,0,0,0,0,0,0,0
0,0,0,0,0,0,24.603,178.366,24.401,178.913,24.557,177.82,0,0,0,0,0,0,0,0,0,0,0,0,0,0,0,0,0,0
0,0,0,0,0,0,24.653,178.366,24.451,178.913,24.607,177.82,0,0,0,0,0,0,0,0,0,0,0,0,0,0,0,0,0,0
0,0,0,0,0,0,24.703,178.913,24.501,179.46,24.657,178.366,0,0,0,0,0,0,0,0,0,0,0,0,0,0,0,0,0,0
0,0,0,0,0,0,24.753,179.46,24.551,180.007,24.707,178.913,0,0,0,0,0,0,0,0,0,0,0,0,0,0,0,0,0,0
0,0,0,0,0,0,24.803,179.46,24.602,180.007,24.757,178.913,0,0,0,0,0,0,0,0,0,0,0,0,0,0,0,0,0,0
0,0,0,0,0,0,24.853,180.007,24.651,180.553,24.807,179.46,0,0,0,0,0,0,0,0,0,0,0,0,0,0,0,0,0,0
0,0,0,0,0,0,24.903,180.007,24.702,181.1,24.857,180.007,0,0,0,0,0,0,0,0,0,0,0,0,0,0,0,0,0,0
0,0,0,0,0,0,24.953,180.553,24.751,181.1,24.907,180.007,0,0,0,0,0,0,0,0,0,0,0,0,0,0,0,0,0,0
0,0,0,0,0,0,25.003,181.1,24.801,181.647,24.957,180.553,0,0,0,0,0,0,0,0,0,0,0,0,0,0,0,0,0,0
0,0,0,0,0,0,0,0,24.851,181.647,25.007,181.1,0,0,0,0,0,0,0,0,0,0,0,0,0,0,0,0,0,0
0,0,0,0,0,0,0,0,24.901,182.194,0,0,0,0,0,0,0,0,0,0,0,0,0,0,0,0,0,0,0,0
0,0,0,0,0,0,0,0,24.951,182.74,0,0,0,0,0,0,0,0,0,0,0,0,0,0,0,0,0,0,0,0
0,0,0,0,0,0,0,0,25.001,182.74,0,0,0,0,0,0,0,0,0,0,0,0,0,0,0,0,0,0,0,0